driverId,name,ssn,location,certified,wage-plan
10,Brandy Torres,614-56-9267,"59581 Washington Creek Suite 225
Laurieport, GA 65596",N,hours
11,Samantha Jones,124-98-9709,"341 Schneider Rapid Suite 424
South Donaldhaven, IN 07982",Y,miles
12,Debbie Martin MD,228-06-3561,"16842 Sharon Parks Suite 213
Ginatown, MH 97112",Y,miles
13,Briana Hensley,769-73-7374,"462 Steve Wells Apt. 307
Andreaburgh, KY 04233",Y,miles
14,Carlos Harris,362-60-0272,"134 Melissa Overpass
North Sandra, GU 98859",Y,hours
15,Jay Vaughn,454-47-5343,"72756 Phillips Fort Suite 279
Port Brandonfurt, MA 09823",Y,miles
16,Angela Dennis,006-84-5271,"1414 Javier Greens
Serranohaven, VI 67331",N,hours
17,Linda Lawrence,651-27-1180,"USCGC Rogers
FPO AA 10709",N,hours
18,Rachel Bell,835-28-4351,"329 Holland Bypass Suite 783
Fordport, WI 77452",N,miles
19,Kelly Hunt,853-13-2806,"073 Church Hills Suite 841
New Elizabethstad, RI 33462",Y,miles
20,Emily Daniels,097-08-9654,"171 Paul Road Suite 602
West Nancychester, IL 93978",Y,miles
21,Kelsey Medina,263-20-5589,"875 Jonathan Isle
Lisahaven, KY 06196",N,miles
22,Ashley Obrien DDS,086-54-1309,"9114 Herrera Trail Apt. 673
Tiffanyhaven, RI 26041",N,hours
23,Christopher Stewart,861-06-1497,"9556 Sherman Fords
Stevenborough, OH 17370",Y,miles
24,Crystal Johnson,178-40-4132,"73144 Snow Estate Suite 646
Marychester, GA 05779",N,miles
25,Gina Wolfe,379-36-4806,"7815 Stone Cove
West Brentbury, VA 73902",N,miles
26,Andrew White,060-41-2884,"2885 Steven Villages
North Alexanderville, NV 90945",Y,miles
27,Christopher Wells,203-06-0733,"44979 Reginald Isle
Port Jerometon, NJ 42360",Y,miles
28,Phyllis Walker,589-41-4000,"Unit 3136 Box 8331
DPO AP 22399",N,hours
29,Wendy Hunter,672-58-8086,"941 Reynolds Ways Suite 077
Port Philipland, NV 15655",Y,miles
30,Christina Rogers,484-10-5480,"235 Smith Throughway Suite 783
North Jeffrey, MD 89235",N,miles
31,Adam Holland,856-69-8926,"Unit 6767 Box 4122
DPO AA 87589",N,miles
32,Emily Taylor,175-34-4878,"881 Choi Stream
Boydland, OH 24530",Y,hours
33,Christopher Williams,877-83-4151,"5783 Brian Gardens
Lake Terrifurt, GA 72515",Y,miles
34,Gloria Evans,865-94-5882,"621 Joseph Lock Apt. 403
South Anna, ME 97417",Y,hours
35,Kathleen Craig,334-42-4525,"5791 Jack Circles
Kathrynville, WI 20196",N,hours
36,Laurie Mills,516-45-0276,"974 Wilson Valley Suite 990
East Katieborough, VI 32897",Y,hours
37,Vanessa Ramos,792-73-5065,"6200 Jones Drive Suite 190
Scottfurt, IN 96832",N,hours
38,Mr. Joel Allen,246-80-7177,"Unit 9398 Box 6445
DPO AP 53368",N,hours
39,Lindsey Lopez,237-18-8914,"087 Todd Locks Apt. 792
East Christopher, NE 10242",N,hours
40,Jennifer Green,248-27-7394,"4427 John Fall Suite 280
East Kathy, GA 76585",Y,hours
41,Amanda Padilla,222-37-7589,"6289 Colin Highway Apt. 128
Sanchezland, NY 08311",Y,miles
42,Ellen Mcconnell,891-07-6237,"607 Dunlap Lodge Apt. 908
South Kenneth, VT 01074",Y,miles
43,Danny Jones,218-07-7298,"299 Michael Branch
Port Courtneyshire, ME 85010",N,hours
44,Kevin Fox,684-97-3915,"0333 Emma Cliffs Apt. 784
South Jaclynborough, TN 67255",Y,hours
45,Caleb Bailey,810-25-5941,"95741 Blanchard Row Apt. 683
East Herberttown, TN 93902",Y,hours
46,Dana Smith,230-48-0366,"1511 Hamilton Corner Suite 151
Marshallton, MI 15030",Y,hours
47,Jessica Morgan,448-10-8133,"78587 Scott Parkways Suite 976
New Derricktown, LA 19613",Y,miles
48,Brian Johnson,878-98-5203,"219 Renee Shores Suite 722
Seanbury, PR 29730",Y,miles
49,Shelley Carroll,058-38-8773,"0068 Stephens Stravenue
Edwinview, GA 95538",N,hours
50,Beth Richardson,442-38-6361,"35691 Maureen Pass Suite 773
Douglashaven, VT 27537",N,miles
51,Scott Calderon,459-74-5281,"8417 Aaron Well Apt. 256
Loweberg, PR 68876",Y,hours
52,Deborah Long,180-83-1617,"316 Gail Village Suite 509
East Andrew, AL 40393",N,miles
53,Melanie Scott MD,504-94-0373,"908 Hamilton Course Suite 680
North Samantha, AR 16166",Y,miles
54,Frank Aguilar,717-53-1768,"667 Chan Roads
West Nicholas, NV 47583",Y,miles
55,Andrew Lewis,074-10-9335,"Unit 6068 Box 5469
DPO AA 01233",Y,hours
56,Jeffrey Rivera,558-53-7977,"77234 Wood Alley Suite 273
Jacobtown, NH 56381",Y,miles
57,Benjamin Young,046-96-1675,"989 Coleman Cove
Coreyside, MD 97248",Y,hours
58,Beth Blackwell,549-75-8839,"6134 Watkins Burg
Baileyshire, NV 45730",Y,hours
59,Timothy Scott,041-85-9747,"756 Brent Trafficway
Brownview, VI 20674",Y,miles
60,Michelle Hutchinson,091-03-8960,"9648 Kennedy Court Suite 672
Richardsonburgh, AS 26726",N,miles
61,Frederick Jones,616-64-7571,"8404 Jennifer Vista Suite 983
North Matthewtown, MD 55322",Y,miles
62,Isabel Moore,218-78-5117,"8024 Jessica Passage Suite 052
Danielhaven, LA 94088",Y,hours
63,John Arnold,024-58-8487,"558 Ryan Hollow
New Jenniferfurt, MN 08967",Y,hours
64,Mary Cole,193-81-0586,"Unit 6688 Box 1359
DPO AE 30381",N,miles
65,Melissa Moore,521-28-6633,"PSC 2891, Box 6065
APO AP 12769",N,miles
66,Eric Salazar,029-54-5601,"291 Ryan Track
Brittanyborough, ME 21324",Y,miles
67,Morgan Cortez,021-46-0565,"5286 Shelby Cliff Apt. 503
West Ronaldland, MN 33215",N,hours
68,Bonnie Mcbride,163-96-1029,"286 Wright Court Suite 442
North Andrewton, HI 49825",N,miles
69,David Sanchez,711-91-6691,"99154 Tracy Place Apt. 240
Michaelburgh, IL 26366",Y,miles
70,Brenda Schneider,339-76-9678,"131 Jim Keys
New Jeremy, MO 21472",N,miles
71,Leonard Huffman,362-56-6111,"6630 Greene Glen
Cynthiaton, ID 45313",Y,miles
72,Scott Martinez,610-18-6673,"2176 Sergio Coves Suite 931
Joneschester, AL 17458",N,hours
73,Juan Smith,721-68-9181,"4593 Allen Vista
Cruzfort, NH 39416",N,hours
74,Kelly Garza,438-63-8651,"Unit 5302 Box 4377
DPO AP 32244",Y,miles
75,Justin Brown,790-59-7154,"99034 Moody Shore Suite 385
Lake Penny, SD 46626",N,hours
76,Paul Sweeney,588-27-9897,"58509 Ramsey Isle
Melissachester, OR 76411",Y,hours
77,Keith Ferguson,095-96-2804,"56608 Christopher Run Suite 907
Amymouth, LA 23352",N,hours
78,Ryan Romero,467-48-1487,"16399 Bennett Trail Apt. 121
Danielleburgh, WY 04786",Y,miles
79,Kathy Long,450-37-9350,"PSC 7947, Box 1072
APO AE 32659",Y,miles
80,Alan Harris,653-24-7789,"0443 Sanders Common
Port Carolynside, WV 11248",N,hours
81,Debra Rivera,139-96-0519,"691 Evelyn Haven Apt. 682
South Richard, VI 33782",N,miles
82,Michael Barr,533-41-0436,"5342 Vargas Wall Suite 427
North Juan, NH 56322",N,hours
83,Gary Howard,644-86-5282,"569 Amanda Streets
Leslieport, UT 80547",Y,miles
84,Amy Anderson,311-81-6771,"48617 Long Trail Apt. 808
Jeffersonside, ID 04629",N,hours
85,Caitlin Eaton,834-19-8835,"385 William Radial
North Maryland, IA 73229",N,miles
86,Thomas Moore,701-52-1502,"966 Cheyenne Unions Suite 063
South Danielton, ID 34320",N,hours
87,Jordan Mckee,441-07-5695,"000 Richardson Forge
Jonathanfurt, WY 89349",Y,hours
88,Jonathan Moore,611-94-3943,"3263 Smith Springs
Teresaville, SC 21734",N,hours
89,Jennifer Gilmore,808-27-8949,"108 Cox Expressway
Port Bradley, NM 12080",N,hours
90,Jason Morgan,810-45-7427,"37998 Hughes Alley
Marshallport, NE 22697",Y,miles
91,James Lopez,167-46-4381,"4405 Rodriguez Bypass
New Darrenmouth, ME 04270",N,miles
92,Anne Douglas,356-40-5424,"810 Taylor Underpass
Port Brian, IA 31770",Y,hours
93,Jesse Bruce,351-37-7281,"0638 Moore Causeway Apt. 240
North Jasonborough, PW 35109",N,miles
94,James Simmons,490-75-9558,"233 Scott Radial Suite 954
Christyton, HI 01523",N,miles
95,Erin Berry,635-99-3882,"8668 Jones Point Suite 629
Wallerburgh, NY 36810",N,hours
96,Matthew Hernandez,468-31-5782,"PSC 8203, Box 3979
APO AE 80444",N,hours
97,Joe Calhoun,206-16-6604,"18888 Evans Ports Apt. 148
Jenniferport, MN 98831",Y,miles
98,Susan Nichols,005-91-1665,"407 Lee Land
Kristopherside, MA 88044",Y,miles
99,Francisco Frye,734-68-5608,"1205 Ryan Village
New Virginia, NM 19805",N,miles
100,Darin Williams,728-36-2772,"872 Michelle Run
New Zachary, KS 73927",N,hours
101,Sheryl Williams,071-71-6089,"339 Gonzalez Well
Perryland, MH 61236",N,miles
102,Kathleen Maddox,356-15-3551,"709 Mcclain Mall
Veronicahaven, IL 99234",Y,hours
103,William Barry,447-58-3934,"8465 Stewart Wall
Cynthiamouth, DE 51677",N,miles
104,James Odonnell,565-29-9969,"5227 Michael Hollow
Turnerville, WA 44786",Y,hours
105,Timothy Nguyen,835-49-1365,"99361 John Street Apt. 039
West Tarafurt, NY 62313",Y,miles
106,Jason Davis,165-16-8740,"Unit 8834 Box 8296
DPO AE 84206",N,hours
107,Sara Moore,159-28-1257,"35943 Kim Shore Apt. 167
North Laura, WV 73582",N,miles
108,Jack Gonzalez,573-56-1445,"9392 Andrew Track
West Ashleychester, WA 72263",Y,miles
109,Cody Johnson,810-84-0391,"7137 Javier Valley Apt. 831
Kimberlyview, AZ 89168",N,hours
110,John Cox,315-65-4441,"478 Haney Park
Wilkinsstad, NC 41177",N,hours
111,Vickie Deleon,002-13-8709,"834 Ana Streets
Brooksside, AL 20602",Y,miles
112,Richard Silva,858-28-7942,"561 Guerrero Stream
South Matthewhaven, DE 24170",Y,hours
113,Shaun Alexander,004-14-6075,"3013 Gray Mountain Apt. 011
South Josephmouth, PA 51933",Y,miles
114,Renee White,456-26-9884,"32338 Ryan Extensions
Barnettmouth, RI 04960",N,hours
115,Kathy Moses,412-18-5068,"Unit 3628 Box 0171
DPO AP 18803",N,hours
116,Gary Stewart,828-37-4545,"99610 Kimberly Extension
Melissabury, AS 85445",N,hours
117,April Brady,506-92-3608,"993 Mckenzie Skyway Apt. 389
West Michaelshire, NM 61187",N,miles
118,Melissa Ford,791-20-4696,"31690 Zimmerman Isle Apt. 754
Thomashaven, NV 19795",N,miles
119,Jonathon Copeland,663-46-5987,"10701 Brown Heights
Friedmanborough, GU 23798",N,miles
120,Kelly Hunter,506-49-8797,"634 Hayley Landing
Karenfurt, UT 55839",Y,hours
121,Jason Gomez,137-04-8635,"887 Crystal Port
Anitashire, IL 50170",N,hours
122,William Boyer,387-10-1827,"83682 Taylor Mall Suite 025
Hectorland, AR 91290",N,hours
123,Erica Collins,079-60-5929,"7342 Cooper Ports
Hohaven, MS 29175",N,hours
124,David Guerrero,003-89-1501,"63014 Chang Loop
North Elizabethmouth, FM 39856",N,miles
125,Stacey Moore,760-63-6630,"104 Reid Fork Apt. 452
Lake Jeffside, GU 79192",N,miles
126,Daniel Lopez,556-65-9024,"42094 Reid Meadows Apt. 197
Danieltown, ME 96818",N,hours
127,Zachary Miller,026-26-4002,"9871 Simon Valleys Suite 237
Schmittton, CO 20110",Y,hours
128,George Sutton,097-16-2737,"PSC 0907, Box 1784
APO AA 38453",Y,hours
129,April Thomas,297-69-6676,"773 Mendoza Forges
New Mary, CA 25747",N,hours
130,Marie Richardson,441-49-2974,"Unit 7734 Box 2313
DPO AA 70005",Y,miles
131,Brianna Jackson,184-52-3802,"820 Laurie Bypass Suite 160
Haynesland, RI 27766",N,hours
132,Christina Pearson,180-79-6918,"016 Jackson Circle
Padillatown, OH 87618",N,miles
133,Kayla Graham,374-30-1787,"9631 Michael Points
Porterside, VA 01593",N,miles
134,Kimberly Anderson,232-56-3482,"79639 Brandi Mount
East Savannahland, AS 97174",N,hours
135,Jacob Phillips,179-29-3087,"Unit 6397 Box 2667
DPO AE 82894",N,hours
136,Brenda Gordon,262-52-3724,"29529 Patrick Passage
New Kristenchester, GA 05244",N,miles
137,Ryan Hernandez,579-95-3816,"123 Teresa Shores
New Timothy, KS 05163",Y,hours
138,Janet Kennedy,272-56-1081,"Unit 7412 Box 9993
DPO AA 47413",N,miles
139,David Edwards,783-36-3731,"57520 Porter Pass
Port Johntown, OR 76780",Y,miles
140,Luke Mckee,653-24-2758,"626 Bowman Ridges
North Michaela, ND 85018",Y,hours
141,Cody Edwards,781-10-3738,"48147 Sandra Route
Mcconnelltown, VA 16956",Y,miles
142,Lisa Small,440-07-0246,"64837 Schneider Corner Suite 349
Mooremouth, VT 72925",N,miles
143,Amy Mills,051-32-8864,"645 Ewing Key
Jeffreymouth, VI 65480",Y,miles
144,William Campbell,623-35-8225,"4936 Cole Shore
Garciatown, IL 98450",Y,miles
145,Robert White,023-58-3842,"92823 Fox Summit
Lake Douglas, MH 05883",Y,hours
146,Amy Marshall,682-77-9970,"14604 Jared Neck
Lopezberg, TX 39500",Y,hours
147,Katherine Atkins,791-40-7172,"1452 Smith Street Apt. 087
South Alexis, ID 66148",N,hours
148,Kaitlyn Baker,721-20-5734,"Unit 1373 Box 8440
DPO AE 33898",N,hours
149,Nicole Frye,383-47-8929,"8401 Holt Squares Suite 790
Alvarezborough, VI 39962",Y,miles
150,Kevin Palmer,605-04-3578,"371 Robinson Walk Suite 094
South Wesley, FM 96457",N,hours
151,Daniel Herrera,082-44-8822,"25203 Simmons Tunnel
South Larry, MP 09275",N,hours
152,Richard Townsend,211-03-7717,"34669 Gonzales Road Apt. 896
Nicoleland, CT 71506",Y,hours
153,Angela Ball,230-70-9324,"26786 Jonathan Place Apt. 010
Cookemouth, NH 55857",N,hours
154,Andrew Mendoza,682-55-0628,"7893 Guzman Lock Suite 618
North Kathryn, PW 98860",Y,miles
155,John Miller,093-26-1464,"431 Hunter Burgs
Mckinneymouth, NE 57982",N,miles
156,Ian Bailey,351-04-7979,"8769 Zimmerman Corners
Danielsview, NE 55108",N,hours
157,Jared Ramirez,299-53-4699,"7602 Wheeler Stream Suite 537
South Sherriberg, AR 51971",Y,miles
158,Ronald Cruz,687-78-2381,"14529 Teresa Parkways Suite 415
East Pamelachester, WY 25003",N,hours
159,Daniel Silva,280-54-1530,"67262 Hill Manors Suite 482
New Jasonmouth, UT 63959",Y,miles
160,Daniel Grant,322-74-2453,"037 Stokes Radial
West Andrew, ME 35936",N,miles
161,Connie Palmer,599-30-3028,"245 Stephen Prairie Apt. 163
Elizabethton, DC 89576",N,hours
162,Dale Smith,183-90-0862,"93294 Anderson Circle Suite 913
West Matthewberg, AL 03221",Y,miles
163,Lauren Ward,230-06-7781,"045 Cynthia Key Apt. 379
Port Laurenhaven, MN 53830",N,miles
164,Nancy Russell DVM,644-72-4855,"44037 Little Motorway Apt. 505
Alexisstad, DE 56164",N,miles
165,Joshua Hall,263-34-2086,"PSC 9254, Box 5725
APO AE 46540",N,miles
166,Victoria Lam,678-56-9771,"6210 Gregory Loop Apt. 242
North Danny, IL 06675",Y,miles
167,Sara Johnson,870-40-6042,"3736 Kathryn Ford Suite 651
West Christine, MA 25783",Y,hours
168,Joseph Nielsen,810-80-3484,"59117 Keith Road Apt. 181
Gentryview, VI 08007",Y,miles
169,Sierra Munoz,060-63-3993,"5062 Kimberly Pines Apt. 385
Donaldside, SC 56630",Y,hours
170,Jody Brown,258-80-3274,"7924 Jesse Greens Suite 852
Courtneyfurt, AS 53619",N,miles
171,James Quinn,540-64-4253,"Unit 0091 Box 4264
DPO AP 07944",Y,miles
172,Matthew Clark,067-21-7540,"0897 Robin Walks Apt. 889
Cooperfurt, NE 52891",N,miles
173,John Duffy,144-57-1824,"1583 Martinez Freeway
Leonardmouth, VA 84471",N,hours
174,Emily Rice,198-38-9420,"903 Baker Views
Williamsport, WI 20884",N,miles
175,Lawrence Crane,104-19-6033,"520 Trevor Keys Suite 242
Wilsonborough, OH 88934",N,miles
176,James Rhodes,370-88-0434,"89933 Rodriguez Viaduct
Taylorton, NC 86580",Y,miles
177,Kristen Herman,761-19-1723,"721 Young Orchard
South Nicole, ME 98819",N,hours
178,Chelsea Mitchell,077-03-9185,"996 Lewis Motorway Suite 569
Walterborough, CA 19018",Y,miles
179,Adam Liu,745-26-2096,"74741 Tricia Meadows
North Eric, SC 27139",Y,hours
180,Mr. Timothy Robinson,125-09-8881,"253 Peter Motorway Suite 881
Ronaldville, NC 56493",Y,hours
181,Tiffany Hoffman,376-96-3593,"Unit 6971 Box 4416
DPO AE 71838",N,hours
182,James Shea,225-59-3253,"9227 Alexandria Canyon Suite 391
Josephmouth, FM 22774",N,miles
183,Margaret Mendez,507-78-0257,"033 Kathleen Street Apt. 718
New Tina, MA 13764",Y,miles
184,Rodney Jensen,676-19-3833,"116 Fox Glens Apt. 822
West Kevin, NC 85416",N,miles
185,Ann Johnson,526-16-1585,"23089 Morris Valley Apt. 301
Jensenberg, GU 30614",Y,hours
186,Nicholas Hoffman,036-68-5613,"954 Charles Lodge Suite 117
Garrisonshire, ME 22701",Y,hours
187,Sarah Owen,634-34-7365,"PSC 0380, Box 3915
APO AP 24305",N,miles
188,Jennifer Carlson,787-56-8200,"929 Javier Neck
Sanchezhaven, CA 88363",Y,hours
189,Catherine Kirby,414-65-1576,"688 Chad Causeway Apt. 167
Lake Leslie, MP 72525",N,hours
190,Rebecca Sanchez,707-64-3005,"637 Rodriguez Vista Suite 949
Port Richardmouth, ND 37126",N,miles
191,David James,825-95-5752,"994 Garner Rapids
Cristianmouth, MO 70812",Y,miles
192,Steven Stout,491-63-0596,"USNV Hammond
FPO AA 58065",N,hours
193,Gregory Wilson,016-09-0522,"93124 Ortiz Neck Suite 275
Lake Kristopherchester, MS 36492",Y,miles
194,Maria Hickman,517-10-9476,"86905 Nguyen Throughway Apt. 917
Port Ronald, NE 64436",N,miles
195,Lisa Morris,074-26-3415,"550 Hayes Estate Suite 241
North Jamesport, AZ 61034",N,hours
196,Anna Russo,765-50-3499,"77270 Crystal Branch
Vanessaland, CT 03622",Y,hours
197,Jennifer Chan,349-05-1220,"2222 Peters Mills
West Amyside, CA 43271",N,hours
198,Gary Cooper,768-87-0051,"69793 Davis Turnpike
North Jermainebury, MP 03745",Y,hours
199,Gloria Mata,847-91-7298,"118 David Plain
West Danielfurt, WA 73824",N,hours
200,Amanda Mcdonald,361-24-4741,"795 Townsend Island Suite 647
Robertshaven, PR 96768",Y,hours
201,Nicholas Gordon,808-16-9148,"334 Benson Run Suite 266
Lake Ryan, MH 94850",Y,hours
202,Bryan Ray,230-04-4498,"928 Garrett Drive Suite 775
Jeanborough, NY 18734",N,hours
203,Ms. Chelsea Solis,075-02-6244,"PSC 2177, Box 4793
APO AA 66135",N,miles
204,Charles Hernandez,213-32-9401,"8361 White Union Suite 090
Jacksonton, ND 60974",N,hours
205,Heather Hudson,816-19-2767,"722 Evans Throughway
Lake Brandon, SC 84328",Y,hours
206,Steven Davis,045-08-0047,"890 Clay Lights Suite 516
Knappstad, IA 46246",N,miles
207,Tina Contreras,056-65-7378,"666 Tammy Islands
South Melissa, WI 42140",Y,hours
208,Lauren Wolf,114-28-1959,"3102 Miller Route Apt. 994
East Georgeport, VA 79466",Y,hours
209,Kevin Beck,833-26-6921,"Unit 4726 Box 5174
DPO AP 54530",Y,miles
210,Ricky Brown MD,436-03-6321,"11861 David River
New Eric, NC 92381",N,hours
211,April Porter,359-89-5811,"041 Morrison Radial Apt. 054
West Billy, CT 92612",Y,miles
212,Holly Jackson,403-84-3269,"520 Ramirez Summit Apt. 493
East Jackton, MT 55334",N,miles
213,Stephanie Smith,096-67-6216,"397 Jackson Pass
Oconnorburgh, NY 55762",Y,hours
214,Erik Griffin,575-11-3230,"736 Williams Dale
East Jesus, ND 18861",N,miles
215,Mr. Sean Shaw MD,838-81-7880,"826 Joseph Walks
South Brittany, CT 12948",N,miles
216,Jill Sweeney,673-88-1968,"639 Willie Summit Suite 730
Thomasburgh, CT 98782",N,hours
217,Jennifer Wright,319-75-2786,"9311 Eric Rapid
Cainmouth, MH 60131",N,hours
218,Julie Davis,380-46-3331,"99486 Alan Drive Suite 997
Browntown, PR 49906",Y,hours
219,Stacey Johnson,481-33-2492,"Unit 5134 Box 6816
DPO AP 36965",Y,hours
220,Henry Cohen,691-32-7197,"PSC 5959, Box 7241
APO AA 95582",Y,hours
221,Linda Valentine,270-57-5510,"56906 Williams Circles Apt. 721
Brownborough, LA 30352",Y,miles
222,Jennifer Sanchez,135-57-5042,"199 Schmidt Union Suite 231
Johnfurt, MA 55251",Y,miles
223,Tiffany Wilson,617-91-3233,"893 Donald Run
Lawrenceshire, MT 87829",Y,hours
224,Ashley Mata,675-48-2132,"564 Long Light
Jenniferstad, SC 38038",Y,miles
225,Matthew Hill,372-36-9152,"40896 Reyes Courts
Cookchester, GA 63362",Y,hours
226,Sarah Reyes MD,481-16-9289,"8623 Shelton Summit
Frenchport, CA 82987",N,hours
227,Jacob Mckenzie,097-08-2554,"54207 Peter Track Suite 422
North Morgan, MP 52610",Y,miles
228,Matthew Kelly,151-53-4044,"1241 Susan Loop
Grosshaven, KY 86032",N,miles
229,Michelle Mcgee,894-71-6367,"25207 Walker Mission
Troyborough, MA 68265",Y,miles
230,Adam Molina,100-62-2034,"97660 Dixon Wall
South Denisetown, NH 11320",Y,hours
231,Gabriel Jacobs,226-22-2833,"PSC 7224, Box 7602
APO AE 29848",Y,miles
232,Taylor Brock,188-63-8447,"7783 Alan Mall
South Nicole, OK 95784",Y,miles
233,Carl Wilkinson,421-69-9266,"USNS Robinson
FPO AA 78544",Y,hours
234,Adrienne Bowers,309-89-1242,"392 Harris Lane Apt. 668
Lake Thomasside, OK 57825",Y,miles
235,Debbie Bennett,503-32-9011,"013 Rasmussen Mountains
Lake Jacob, MD 03526",N,miles
236,Victoria Mccoy,626-51-4599,"455 Edward Crossroad
Ginabury, AR 24870",N,miles
237,Jason Barnes,706-79-6593,"9636 Colton Knoll Apt. 425
East Johnside, NV 11440",Y,hours
238,Rachel Daniels,863-87-6011,"817 Garcia Cove Suite 902
Ericport, WI 29726",N,hours
239,Misty Morgan,732-44-1914,"1025 Christopher Fall
South Ericton, NC 82988",N,hours
240,Michelle Diaz,055-38-1229,"67666 Michael Throughway Apt. 252
Port Frederick, OK 13703",N,hours
241,Kerry Watkins,101-37-7604,"9472 Brittany Islands
Torrestown, HI 36121",Y,hours
242,Clayton Bailey,570-76-9038,"895 Mark Fields
Paulburgh, OK 57995",Y,hours
243,Craig Adams,481-77-1143,"Unit 7634 Box 3454
DPO AA 54319",N,hours
244,Brenda Cruz,689-89-4195,"4357 Christopher Forks Apt. 517
Wolfburgh, AL 05194",N,miles
245,Susan Copeland,414-36-8217,"802 Davis Ramp
Nashfort, NH 86771",N,hours
246,Andrew Kemp,511-95-0297,"83642 Sheila Turnpike Suite 510
Smithchester, CO 10007",N,miles
247,Amanda Campos,276-70-9672,"4125 Wood Isle Suite 057
Port Kyle, PW 66546",Y,miles
248,William Ramirez,745-03-8355,"77596 Smith Parks Suite 649
Port Paul, FL 54182",Y,hours
249,Jessica Mcclain,670-31-8685,"743 Harold Run Apt. 841
Josephmouth, GU 68528",Y,hours
250,Jeffrey Turner,880-90-7858,"3291 Brewer Divide
Brandonshire, OR 56320",N,miles
251,Christopher White,527-86-3961,"8808 Phillips Lock Suite 635
Johnsonhaven, CA 65058",Y,miles
252,Mr. Bryce West Jr.,142-90-4666,"85463 Frank Causeway
South Margaret, OH 92118",Y,hours
253,Jerry Galloway DDS,529-01-4605,"00542 John Knolls Apt. 283
Jessicaside, NV 03792",Y,hours
254,Clinton Clements,206-77-7993,"612 Brandon Valleys Apt. 201
Rodriguezburgh, GU 49224",Y,hours
255,Donald Martinez,249-98-0148,"PSC 1534, Box 0115
APO AP 71825",Y,hours
256,Melissa Thomas,745-63-7550,"287 Morton Drive Suite 898
Thomaschester, NY 45994",Y,hours
257,Zachary Molina,280-57-8166,"68465 Lambert Spur Apt. 343
Port Janice, MT 34702",Y,miles
258,Raymond Cook,630-93-1949,"297 Fowler Groves Suite 599
North Robin, NE 65116",Y,miles
259,Tyrone Ruiz,077-57-5646,"5455 Linda Junctions
New Darin, WY 29776",N,hours
260,Bradley Carpenter,530-53-3036,"0459 Andrea Ridge Apt. 687
South Stevenfurt, GA 28193",N,hours
261,Michael Walker,387-94-6394,"74389 Doyle Ports
East Sean, DC 25947",Y,miles
262,Brian Harper,611-98-6456,"744 Smith Stravenue Suite 166
Brendafurt, ND 48223",Y,hours
263,Sean Vasquez,220-32-7452,"270 Franklin Drives
Scottbury, AZ 89936",N,hours
264,Brett Cardenas,699-29-6788,"96709 Rojas Glen Apt. 041
New Charles, MN 92167",Y,hours
265,Michael Haynes,617-49-6528,"464 Rachael Avenue
East Curtisberg, OR 81617",N,miles
266,Justin Salinas,563-12-4563,"14079 Rodriguez Junction Apt. 172
South Austin, LA 48475",Y,miles
267,Jeffery Brown,185-21-6730,"51617 Laura Light Apt. 523
Port Rebeccaport, TX 69330",Y,hours
268,Alexa Swanson,553-38-6871,"700 Mary Shore
South Chase, RI 15471",Y,miles
269,Mr. Michael Wheeler,293-21-1855,"81623 Heather Ways Suite 473
North Miguel, MT 61670",N,hours
270,Jack Holt,559-85-6742,"0142 White Falls Suite 311
New Tiffanyhaven, AK 08662",Y,miles
271,Maria Brennan,259-19-2552,"USCGC Terry
FPO AP 47126",N,hours
272,Mark Wright,895-18-3597,"13491 Carter Ports
Diazchester, CO 69998",N,hours
273,Jacqueline Newman,221-12-3039,"8732 Michael Neck Suite 909
Andradeside, WV 84860",Y,hours
274,Patrick Lawson,110-62-8219,"4496 Miller Streets
New Ronaldburgh, SD 29818",N,hours
275,Andrea Bradshaw,775-82-2400,"177 Timothy Islands
South Edwin, IA 60912",Y,hours
276,Marie Coleman,435-60-4726,"978 Barbara Road Suite 449
Floydview, PR 98864",Y,miles
277,Brittany Patel,130-77-7126,"9355 Kevin Springs Apt. 788
Nelsonmouth, KS 76374",Y,miles
278,Anthony Green,248-74-3884,"481 Stephanie Ridge
Catherinestad, OH 84330",Y,hours
279,Jason Perez,218-46-8967,"55037 Williams Parks
Johnsonfort, VT 55838",N,miles
280,Selena Haley,295-49-8579,"12012 Brenda Expressway
Farmerburgh, AR 47292",N,hours
281,Stephen Flowers III,495-90-2352,"USNV Sampson
FPO AP 82283",Y,hours
282,Stephanie Goodman,835-81-7955,"232 Henry Junctions Suite 508
East Andrew, LA 35234",Y,hours
283,Victoria English,508-26-5592,"0491 Gross Spring
Henrytown, WV 90498",N,miles
284,Sean Gomez,417-43-2805,"074 Michele Walk
West Samanthachester, AK 42434",Y,hours
285,Laurie Wright,284-01-7760,"Unit 6116 Box 0939
DPO AP 60050",N,miles
286,Brandon Smith,419-49-6776,"31081 Erin Point Apt. 543
Milesville, NY 61395",N,hours
287,Angela Lang,811-18-7333,"971 Morris Trail
Lake Stevenfurt, HI 84913",Y,miles
288,Steven Sullivan,428-60-0997,"4793 Julie Summit
New Robert, KY 45528",Y,miles
289,Jessica Romero,321-86-0612,"7851 James Plain Suite 116
Michellestad, AS 97753",N,hours
290,Paul Ross,593-58-8718,"5665 Davis Trafficway
New Williamland, MA 35414",Y,miles
291,Daniel Valenzuela,492-83-1737,"8340 Nancy Harbors
Simmonsport, FM 03910",Y,miles
292,Danny Carpenter,884-59-2374,"8230 Courtney Parkway Apt. 966
Cruzstad, PW 36959",Y,miles
293,Jonathan Turner,021-47-6219,"88506 Oliver Corner Suite 245
Collinsport, RI 84567",N,hours
294,Angela Hood DVM,002-62-2206,"Unit 2528 Box 6310
DPO AP 18814",Y,hours
295,Jennifer Santiago,320-13-5965,"07165 Maxwell Fort
Tammybury, DC 52292",Y,hours
296,Jordan Lewis,365-71-2358,"8790 Burgess Mount Suite 794
Port Mariafort, IL 44409",N,hours
297,Robert Smith,302-06-6357,"196 Faith Mountain
Seanshire, VA 84359",N,miles
298,Mrs. Cindy Fox,367-37-7766,"2558 Scott Lakes
Port Samanthaberg, OH 13060",N,miles
299,Kimberly Brown,808-91-1807,"728 Shelby Club
North Jonville, NC 60893",Y,hours
300,Russell Aguirre,448-42-9260,"494 Tamara Locks Suite 435
Kellyport, GA 60875",N,miles
301,Eddie Hanson,228-97-4878,"Unit 2278 Box 7059
DPO AP 86617",N,hours
302,Tammy Sullivan,540-75-5102,"7269 Luis Station Apt. 617
Markshire, TX 12369",Y,miles
303,Steven Jones,247-22-7013,"670 Lisa Summit
South Brianshire, MP 34344",Y,miles
304,Claire Conway,516-27-5916,"584 Jose Burgs
Carolshire, RI 64936",Y,miles
305,Sherry Douglas,629-15-6399,"303 Stephanie Squares
Dixonbury, SD 46631",Y,hours
306,Anna Ruiz,631-27-4606,"48775 Fisher Station
Merrittville, AL 60694",Y,miles
307,Lance Parker,712-69-4404,"3584 Russell Light Suite 865
Nicoleland, NC 11938",Y,miles
308,John Ruiz,544-19-7778,"054 Brown Road
West David, NC 81157",Y,miles
309,Bryan Davis,876-21-9779,"038 Sarah Villages Suite 554
Lake Nicholas, HI 94633",Y,hours
310,Nathan Chavez,170-75-2704,"2071 Page Rapid
Marshalltown, MN 15373",Y,hours
311,Mrs. Angela Garcia,307-10-3085,"97872 Garcia Row Suite 338
East Ryan, SC 70050",N,hours
312,Jeremy Johnson,515-82-2867,"7788 Fisher Union Suite 641
New Toddville, UT 57882",Y,hours
313,Curtis Arias,108-94-3300,"301 Miller Shoals
Port Edwardburgh, MN 47379",Y,miles
314,Chris Santiago,623-02-7635,"03024 Amy Parkways Suite 253
South Juan, AR 92460",Y,hours
315,Jamie Johnson,141-22-5330,"Unit 6209 Box 5620
DPO AE 99756",Y,hours
316,Thomas Morrow,320-06-4311,"PSC 9342, Box 6348
APO AE 22258",N,miles
317,Cameron Owen,895-48-9399,"555 Mccoy Mission Apt. 840
Williamsmouth, RI 26576",Y,miles
318,Kelly Washington,139-49-5913,"225 Anthony Trail Apt. 345
Mcintoshborough, RI 19801",Y,miles
319,Mr. Mark Clark,492-96-4590,"125 Kramer Crossroad
Maryfort, FL 95921",Y,miles
320,Steven Wright,808-13-6968,"515 Howard Glens Apt. 083
Millsshire, RI 46328",N,miles
321,Lisa Lynch,119-72-8304,"896 Green Flats
Arellanoville, KS 97402",Y,hours
322,Ruben Hoover,660-65-8892,"24344 Richmond Village Suite 011
Patelland, PR 02328",Y,hours
323,Roy Summers,443-94-4684,"82877 Pollard Inlet
Joditown, MH 96866",Y,hours
324,Lorraine Malone,138-65-6111,"0016 Rose Falls
Lake Cameronchester, AK 71499",N,miles
325,Dustin Mason,040-98-5374,"9946 Ryan Loop Apt. 713
Kimland, DC 46658",Y,hours
326,Lauren Ingram,616-41-1205,"PSC 1025, Box 6218
APO AP 60640",Y,miles
327,Blake Graham,234-08-0556,"7763 Gomez Heights Suite 558
Gonzalesmouth, KY 63541",Y,miles
328,Kimberly White,273-73-6685,"Unit 4911 Box 8806
DPO AA 78610",Y,miles
329,Jordan Norman,077-89-0451,"70270 Sally Turnpike
Alexandermouth, NJ 29876",N,hours
330,Anthony Gomez,584-73-5624,"6270 Michele Union Apt. 669
Westton, MA 11045",N,miles
331,Frederick Day,262-51-3426,"671 Adam Light Suite 540
Jessicaberg, MO 62627",N,hours
332,Sabrina Peterson,645-48-9712,"1041 Misty Trace
Crystalshire, VA 91900",Y,hours
333,Tracy Brandt,595-57-1122,"5507 Steele Parks Suite 588
New Brettmouth, NE 40096",Y,hours
334,Aaron Mccann,759-01-4260,"56032 Colleen Mount Apt. 859
Port James, SC 27449",Y,miles
335,Karen Butler,328-32-4941,"931 Kent Pines Suite 156
Wrighthaven, PA 22237",N,hours
336,Nancy Richardson,139-57-4764,"PSC 4187, Box 3169
APO AA 48492",Y,miles
337,Matthew Zuniga,016-04-1464,"96577 Ortega Fork Apt. 171
New Shannon, IA 38748",Y,miles
338,Robert Carter,527-83-2585,"14232 Shane Ramp
New Roberto, RI 14859",Y,hours
339,Benjamin Turner,840-92-6572,"7412 Olivia Branch Suite 500
Christophermouth, IA 00884",Y,miles
340,Molly Robinson,088-47-1267,"2688 Andrew Crossroad Suite 283
West Mary, VT 48256",N,miles
341,Tina Johnson,119-06-4444,"74729 Ballard Radial
South Vincent, WY 84792",N,miles
342,Jeffrey Summers,899-58-5537,"Unit 0119 Box 3402
DPO AE 89731",N,hours
343,Kenneth Williams,050-35-8680,"7188 Natalie Terrace Suite 799
East Curtismouth, MN 67670",N,hours
344,Robin Johnson,701-50-0692,"361 Stephanie Square
Port Jennifer, PR 53737",Y,hours
345,Samuel Jackson,495-25-3982,"890 Kurt Via
Johnport, MO 71529",N,hours
346,Jacob Vargas,702-26-2953,"61517 Lee Expressway
North Patricia, MH 31990",N,miles
347,Melissa Mcintosh,793-03-9053,"8367 Brown Common Suite 511
Kyleton, NJ 18343",Y,hours
348,Joseph Cooper,402-53-8861,"514 Riley Vista
West Barryport, GA 94512",N,miles
349,John Lawrence,674-02-7449,"04793 Tammy Mews Apt. 703
New Samuel, RI 47963",N,miles
350,Jennifer Johnson,214-18-1518,"2661 Eric Viaduct Suite 666
New Matthew, LA 46988",N,hours
351,Alan Moses,445-48-0828,"Unit 2756 Box 1556
DPO AA 04604",Y,miles
352,William Robinson,564-46-4290,"66897 Reyes Cove Suite 303
South Veronicaborough, MS 03693",N,hours
353,Virginia Parsons,239-52-2630,"0253 Chapman Stream Apt. 314
Lake Tammytown, DC 08009",N,miles
354,Elaine Moran,389-24-9778,"141 Yu Lodge
Michelleport, TN 97775",N,hours
355,Danielle Spencer,310-26-8434,"37015 Glover Path Apt. 471
South Angelachester, WA 38066",N,hours
356,James Boone,891-66-6895,"0335 Tammy Pass
Craigborough, AS 29730",Y,hours
357,James Medina,484-88-2289,"PSC 6383, Box 9155
APO AP 19127",Y,miles
358,Peter Johnson,541-38-1084,"19180 Jessica Extension
Gonzalesshire, TX 98629",Y,hours
359,Sean Warner,673-56-7959,"26161 Christopher Meadows Apt. 313
South Kristentown, VA 04267",N,hours
360,Samantha Newman,021-29-1042,"6595 John Common Suite 583
Loriside, AR 26302",Y,hours
361,John Walton,023-56-7823,"362 Lawson Circle Apt. 079
Lake Alexisview, IL 10961",N,miles
362,Jodi Fox DDS,487-37-1484,"627 Lin Parkway Suite 250
New Hayden, GA 71661",Y,hours
363,Jonathan Massey,491-62-8108,"USCGC Robinson
FPO AE 81222",Y,hours
364,Anna Gordon,010-62-0614,"66750 David Tunnel Apt. 539
Lake Brian, OR 47152",Y,hours
365,Grant Garcia,613-86-1875,"24673 Berry Bridge
Jenniferfurt, ND 56127",N,hours
366,Dwayne Baker,587-35-5570,"66187 Benson Groves
Lesliefurt, PR 94079",Y,hours
367,Danielle Underwood,316-31-0270,"45913 Angela Courts Apt. 197
Catherinemouth, FL 11818",N,hours
368,Kevin Morrison,825-14-2258,"7712 Roman Gardens Apt. 211
South John, MO 53808",N,miles
369,Glenn Mills,806-65-2473,"327 Daniel Plain Suite 436
New Robertport, KY 85894",Y,hours
370,Nathaniel Bennett,441-75-1598,"32297 Jill Forge Suite 209
Rodriguezfort, WI 84259",Y,miles
371,Isabella Arias,157-34-5251,"43920 Michael Roads
Martinstad, WI 01885",N,miles
372,Yolanda Glenn,829-48-9718,"391 Hoover Club
Guzmanton, NY 95795",N,hours
373,Carlos Tyler,338-23-1842,"143 Morrow Turnpike Apt. 636
New Megan, WV 11370",N,miles
374,Erica Smith,411-37-6430,"985 Tran Crest Apt. 080
Zacharyview, SC 66536",N,hours
375,Courtney Mora,739-85-4023,"56129 Bean Estate Suite 198
New Zachary, CO 73417",Y,hours
376,Ian Keller,269-93-6174,"0630 Terry Causeway Suite 587
New Jerryberg, VI 70574",Y,hours
377,Robert Bailey,119-54-2191,"57967 Lisa Forge Apt. 019
Martinezchester, OH 62745",N,miles
378,Rodney Lewis,281-35-3821,"7185 Jennifer View
Victoriafurt, MT 18420",Y,hours
379,George Mcfarland,430-93-0429,"1983 Jerry Manor Apt. 703
East Ryan, AZ 25052",N,hours
380,Joshua Hernandez,075-60-9639,"9264 Heather Island
Clarkborough, GA 05987",N,miles
381,James Gutierrez,752-75-0401,"3818 Welch Throughway Apt. 417
Shepherdton, DC 28102",Y,miles
382,Bailey Payne,529-02-8450,"Unit 1728 Box 0192
DPO AA 56127",Y,miles
383,Brittany Nguyen,657-31-9501,"936 Williams Parkway Apt. 818
Garrettberg, NC 72697",N,hours
384,Courtney Davis,463-33-1587,"6688 Richardson Underpass
Patrickbury, OH 28334",N,miles
385,Daniel Keith,443-62-4982,"729 Donovan Route
Boydfurt, MO 03616",Y,hours
386,Caroline Thomas,378-05-2265,"894 Nicholas Spring Apt. 644
Davidhaven, CT 07773",N,miles
387,Heather Russell,413-76-3166,"PSC 4980, Box 7606
APO AA 89027",Y,miles
388,Brian Schaefer,674-44-0659,"733 Matthew Junction Apt. 815
Roweton, RI 66198",Y,miles
389,Julia Hayden,644-82-1616,"15984 Fisher Island Suite 072
South Jacobhaven, NM 40083",Y,miles
390,Erica Baldwin,093-01-6668,"7430 Joshua Pass Apt. 646
North Daniel, SD 84830",Y,hours
391,Sylvia Phillips,278-70-1540,"5841 Stephens Mountains Apt. 930
Lake Alice, MD 05589",N,miles
392,Alan Wright,003-59-2596,"148 Kristina Run
Reevesfurt, CO 26307",N,hours
393,Leslie Duncan,545-85-7031,"USNS Thompson
FPO AE 48000",Y,miles
394,Michele Edwards,743-65-6659,"6225 Amy Place
New Lisa, NJ 52406",Y,miles
395,Christina Orr,061-86-2198,"57977 Williams Shores Apt. 917
South Michael, AZ 74354",Y,hours
396,Monica Thomas,191-78-0423,"551 Bailey View
West Thomas, AS 26839",Y,miles
397,Joseph Moore,412-11-6086,"126 Curtis Fords Suite 521
Burtonmouth, WA 10912",Y,miles
398,Johnny Carter,606-49-4929,"009 Mcdaniel Trail
Baldwinchester, VT 29935",N,miles
399,Dr. Destiny Giles,184-33-3075,"270 Mariah Via Apt. 660
Scottstad, VT 68752",Y,hours
400,Dustin Hardy MD,312-05-2922,"14692 Perry Landing Apt. 209
West Melissaview, OK 43014",N,miles
401,Joseph Walter,837-42-0133,"4240 Andrea Cove
North Dustintown, NM 14985",Y,hours
402,Douglas Fuller,776-48-9986,"05407 Amanda Springs
North Nicole, UT 11264",N,hours
403,Joseph Kane,813-93-1919,"325 Conner Stravenue
West Jeffreytown, KY 48718",Y,miles
404,Latoya Adams,313-06-8536,"275 Hernandez Gardens
New Abigail, PW 78756",N,miles
405,Johnathan Gilbert,091-97-2710,"3771 Kathryn Falls
Nixonstad, AK 77667",Y,hours
406,David Stanley,009-33-5396,"54762 Armstrong Lakes Apt. 394
South Jennifer, NH 33172",N,miles
407,Amanda Weaver,478-29-6963,"33269 Jessica Camp
New Heather, IN 59500",N,hours
408,Brian Mcdonald,314-94-6565,"660 Snyder Cliffs
West Courtneyport, SD 70275",N,hours
409,Laura Francis,434-90-7808,"348 Wright Keys Apt. 919
Lake Maryton, AR 44965",N,miles
410,Crystal Perry,835-70-8775,"93581 Anderson Inlet Suite 398
South Philipstad, TX 69907",N,miles
411,Reginald Hogan,668-43-1850,"8929 Brenda Stream
Brookeborough, AS 12702",Y,hours
412,Andrew Sampson,289-54-6852,"2920 Kristen Drives
South Hannahhaven, MH 08460",Y,hours
413,Mike Adams,851-31-0949,"4329 Aguirre View Apt. 460
Port Chelsea, WI 51241",Y,hours
414,Nathan Smith,851-70-0149,"629 Johnny Bridge
New Ryan, AR 04941",Y,miles
415,Natalie Wilson,742-17-5146,"68120 Hanson Underpass
East Madisonberg, HI 65446",Y,miles
416,Mike Doyle,822-62-9386,"361 Torres Rapid Apt. 496
East Samanthahaven, VA 69235",N,miles
417,Allen Wood,296-16-6932,"605 Clark Divide Suite 169
East Drew, MO 39115",N,hours
418,Edward Davis,085-08-6142,"250 Morgan Crossing Suite 910
Barrontown, SD 39363",N,hours
419,Debra Mitchell,281-39-5545,"741 Anthony Pines Suite 552
Patriciamouth, GA 45509",Y,hours
420,Jonathan Ray,846-93-2116,"USS Guzman
FPO AE 36338",N,miles
421,John Hernandez,655-69-6575,"357 Sandra Gardens Apt. 699
New Jasonfurt, PA 96063",Y,miles
422,Kristin Butler,658-60-5984,"655 Alex Place Apt. 251
Nataliebury, PA 77111",N,hours
423,Carly Gutierrez,146-07-1023,"047 Parker Common Suite 579
South Paul, VA 87395",N,hours
424,Patrick Robinson,010-29-6265,"49704 Ramirez Harbor Apt. 623
New Kathyville, KY 83383",N,hours
425,Kim Soto,130-44-4313,"Unit 7053 Box 0108
DPO AE 63090",Y,miles
426,Charles Brown,743-83-3518,"5696 Robert Points
Jamesfurt, WI 98625",Y,miles
427,Carrie Campbell,605-90-2773,"669 York Terrace Suite 522
Smithshire, GU 38781",Y,hours
428,Elizabeth Johnson,128-31-6140,"54272 Roger Mills
North Brettchester, NE 02477",Y,hours
429,Alan Woods,260-99-3812,"75357 Meyer Isle
Allisonhaven, SC 05204",N,miles
430,Miranda Frye,588-49-6163,"12362 Griffin Pike
North Anthonyhaven, NM 48893",N,hours
431,Pamela Davis,195-07-0546,"422 Rodriguez Branch Suite 300
Monicaburgh, CT 44691",N,miles
432,Jason Oliver DVM,411-73-7604,"049 Rodriguez Ville
South Davidmouth, MI 26480",Y,miles
433,Robert Lopez,131-09-8924,"9845 Melanie Place Suite 963
North Nathan, NC 86720",N,miles
434,Catherine Hansen,423-47-7387,"55588 Nguyen Village
Colemouth, DC 11282",N,miles
435,Joel Mendez,531-61-1693,"1348 Daniel Skyway
Thompsonland, DE 12601",N,hours
436,Beverly Taylor,117-41-9927,"86076 Herrera Bypass
Port Gregoryfurt, PW 15591",Y,miles
437,Chelsey Bush,230-71-4600,"990 Mendez Divide
Lake Jason, LA 54044",Y,miles
438,Christopher Kelley,167-35-6220,"9322 Maxwell Tunnel Apt. 832
Port Kenneth, KY 39340",Y,miles
439,Paige Smith,659-41-7717,"3473 Michael Lights Apt. 227
North Carlaside, PA 54434",Y,miles
440,Maria Bentley,837-90-9033,"9232 Kelly Crossing
North Frances, GA 41924",Y,miles
441,Jacob Moon,858-32-1022,"0433 Steven Fork
Johnsonport, GU 30326",N,miles
442,Dr. Charlotte Kramer MD,505-72-6651,"88926 John Mountain
North Joseport, GA 44986",Y,hours
443,John Reynolds,313-17-3059,"0220 Fernandez Mall Suite 631
Fuentesberg, OH 28742",Y,miles
444,Maureen Stafford,863-63-1184,"50286 John Manors
Porterberg, AZ 46603",Y,hours
445,Rhonda Lopez,490-59-3862,"098 David Oval
Priceview, GA 65246",N,hours
446,Johnathan Alvarado,567-04-1384,"USCGC Terry
FPO AP 78208",Y,miles
447,Alyssa Freeman,381-43-7426,"Unit 4681 Box 9677
DPO AA 71182",N,miles
448,Karen Johnson,151-17-1514,"383 Edward Shores
Buchananview, AZ 22684",Y,miles
449,Joanna Huang,330-40-2416,"9749 Carol Bypass
Whiteport, PR 67054",Y,hours
450,Adrienne Gray,675-53-3946,"66933 Perez Stravenue
North Elizabethville, ME 28588",N,miles
451,Jennifer Robinson,380-83-6287,"340 Sara Glen Suite 498
Natashaton, MN 36349",N,hours
452,Rachel Gay,812-65-5932,"572 Rebecca Passage Suite 297
Williamsview, CO 64926",N,miles
453,Stanley Castro,334-85-2404,"USCGC Rogers
FPO AA 28210",Y,hours
454,James Williams,491-38-6782,"378 Larsen Shoals Apt. 935
South Waynefort, MT 62164",Y,miles
455,Shannon Duncan,645-80-3564,"5610 Smith Burg
Brianhaven, NC 10093",N,miles
456,Sharon Young,204-78-5384,"267 Webster Meadows
East Paulastad, MO 80813",Y,hours
457,Angela Ferguson,576-11-3298,"71118 Kevin Mountains Suite 721
Hopkinsport, HI 74442",Y,miles
458,Kristen Newton,230-62-3264,"076 Stone Forges Apt. 529
Melissaville, PA 97049",N,hours
459,Heather Parker,435-34-4838,"347 Peterson Extensions
Vanessaburgh, AZ 25421",N,miles
460,Antonio Wiley,558-18-7236,"69018 Crystal Wells Apt. 472
New Robin, NM 07769",N,hours
461,Connie White,784-11-1445,"850 Jones Alley Apt. 548
Cannonfurt, ID 97184",Y,hours
462,Eric Raymond,761-08-4838,"973 English Mission Apt. 379
Parkstown, NE 43776",N,hours
463,Samuel Elliott,012-93-1910,"3854 Ebony Center
Ortegaburgh, MT 23074",Y,miles
464,Jeffrey Moore,287-57-7859,"6789 Gonzales Courts Suite 463
Jonesview, NY 97373",Y,miles
465,Troy Willis,261-89-2210,"68430 Sanders Harbors
New Amanda, IA 34378",N,hours
466,Sarah Taylor,516-76-0732,"2506 Richard Loop
Davidport, PR 27539",Y,miles
467,William Ford,815-35-0387,"208 Gallagher Streets
Lake Grace, AS 80178",Y,hours
468,Anthony Howard,346-05-6351,"477 Schmidt Mill
Lake Danielle, GU 90784",N,miles
469,Lauren Daniels,775-13-6962,"5945 Rogers Burgs Suite 342
New Michaelville, AR 19606",Y,miles
470,Kayla Ramos,023-98-1507,"713 Owens Extension
Millerberg, ND 28648",N,hours
471,William Dickerson,663-18-2692,"USCGC Sanchez
FPO AA 38041",Y,miles
472,Jennifer Lewis,818-99-2945,"736 Larry Rapids
Moniqueburgh, CA 52733",Y,miles
473,Lisa Gilbert,204-90-6989,"5702 Vargas Extensions Suite 668
Port Amanda, WY 36943",N,hours
474,Kenneth Moon,634-52-5989,"63177 Cunningham Way Suite 153
West Christopher, HI 90072",N,miles
475,Jason Khan,165-43-7889,"Unit 7017 Box 1434
DPO AA 20396",Y,hours
476,Brenda Smith,588-13-4763,"737 Margaret Parks Suite 004
West Jason, NH 09298",Y,hours
477,Courtney Davis,527-20-3836,"6578 Nicolas Port
Lisaborough, OH 15925",Y,miles
478,Daniel Scott,844-75-0717,"5419 Chambers Trace Apt. 078
Gregoryborough, GU 02381",N,hours
479,Lisa Becker,818-68-2970,"37189 Garcia Bridge Apt. 150
Hebertside, WI 05023",N,hours
480,David Weber,870-55-7913,"188 Mackenzie Rapids Suite 857
New Sarah, WA 02391",N,hours
481,William Rhodes,609-54-8280,"304 Nicholas Common
Sonyaview, FL 92968",N,hours
482,Derek Wolfe,495-83-7512,"USCGC Kelly
FPO AE 02386",N,hours
483,Lauren Turner,707-92-9518,"126 Heather Route Apt. 126
Port Carolynstad, IN 87446",Y,hours
484,Amy Murray,034-50-1804,"97932 Hines Course Suite 259
Kathrynville, CT 86351",Y,hours
485,Patricia Baldwin,167-82-6800,"061 Justin Stream
New Davidbury, TN 73177",Y,hours
486,Stephanie Barrett,212-02-8288,"163 Sanders Trail Suite 768
Jasonberg, CA 55859",N,miles
487,Tom Mitchell,670-59-8462,"66789 Denise Lock
North Jillton, VI 92709",N,hours
488,Sandra Strickland,271-68-0754,"005 Perez Valley Suite 032
Williamshire, PR 32420",N,miles
489,Julie Bailey,385-18-6400,"4446 Shaun Landing Suite 495
Williamsville, MN 69120",Y,hours
490,Nicole Mendoza,832-45-0555,"079 Paul Estate Apt. 120
Isabelchester, MH 59985",N,miles
491,Charles Higgins,867-77-6714,"8319 Susan Pines Suite 310
Kristinbury, OR 71257",N,hours
492,Robert Trevino,686-88-7454,"1597 Evans Walk Apt. 179
Lake Antonio, WA 67536",Y,hours
493,Aimee Brown,868-78-5827,"54434 Salazar Manors Suite 537
Erinshire, WY 57736",Y,hours
494,Kimberly Hansen,081-42-5767,"94935 Mata Plaza Suite 427
Angelafort, CO 85608",N,miles
495,Jason White,326-78-4805,"2132 Davis Tunnel
Millerport, PW 95302",Y,hours
496,Mrs. Ashley Hill,692-05-4269,"244 Vargas Meadow
Port Deniseberg, AS 55669",Y,miles
497,Robert Carter,410-82-8441,"64540 Murphy Greens Suite 743
South Katie, GA 39190",N,miles
498,Megan Simmons,218-46-6232,"91272 Hall Crescent Apt. 906
New Nicolechester, MT 06783",N,hours
499,Christopher Nguyen,747-43-2134,"34804 Morgan Forges
Taylorton, AR 35874",N,miles
500,Christopher Alvarez,371-39-1801,"761 Caleb Crossroad Apt. 798
Port Christopherville, NY 69401",N,hours
501,Adam Ward,117-98-3282,"05265 Shawn Hill Suite 175
Lake Ashleyland, AR 14972",N,miles
502,Kendra David,585-63-8502,"Unit 3567 Box 8902
DPO AE 53641",Y,hours
503,Dominique Robbins,481-22-3070,"1587 Samuel Street
Amymouth, SC 11552",N,hours
504,Rita Becker,233-44-1121,"08563 Archer Divide Suite 337
New Erin, PR 24682",N,hours
505,Matthew Cabrera,100-78-8809,"92898 Mata Plains Apt. 290
Scotttown, MI 58510",N,hours
506,Michael Pacheco,556-19-9651,"PSC 0063, Box 0338
APO AE 64598",Y,miles
507,Scott Sanders,557-43-8730,"55556 Torres Field Suite 599
West Randy, NJ 28762",N,miles
508,Emma Espinoza,270-05-5562,"USNV Mcknight
FPO AA 97390",Y,miles
509,Gregory Fleming,716-08-8002,"311 Dickson Inlet Apt. 157
Michaelview, FL 24406",Y,hours
510,Brandy Phillips,167-76-2120,"98014 Rodriguez Garden
Juarezberg, MP 68093",Y,hours
511,Peggy Davis,851-68-6410,"4428 Maria Ford Suite 094
Cassandraville, AZ 33853",N,hours
512,Abigail Peters,615-18-7186,"8642 Roman Lodge
Coreyside, MD 89646",Y,miles
513,Gregory Hodges,151-39-8244,"976 Garrett Forks
Paulbury, ND 95999",Y,miles
514,Victoria Valdez,290-39-8799,"002 Wright Ford Suite 800
New Bruceburgh, CT 03236",Y,miles
515,Ronald Garza,041-74-7290,"5783 Roger Overpass
Smithmouth, MI 20482",N,miles
516,Nicholas Frederick,724-28-5407,"610 Rebekah Mills Suite 231
North Bettymouth, WY 85714",N,hours
517,Gina Nunez,026-62-9700,"7256 Julie Trafficway Apt. 205
Cameronstad, MN 26728",Y,hours
518,Shawn Bishop,150-65-1546,"3380 Joshua Coves Apt. 811
Virginialand, IA 03730",N,hours
519,Joshua Barker,202-55-3129,"166 Hoover Field
Prattport, NY 99160",N,hours
520,Robert Ruiz,120-70-9456,"725 Watts Mission
Port Jamie, IN 25873",Y,miles
521,Chelsey Bailey,879-26-4855,"PSC 1345, Box 5737
APO AA 14623",N,miles
522,Samuel Williams,653-44-2847,"01944 Warner Way
Mosschester, RI 65452",Y,hours
523,Jessica Cantu,812-87-9189,"13824 David Groves Apt. 375
South Catherineside, VT 00588",N,miles
524,Karen Jordan,555-62-7939,"96604 Juan Ville
Lake Ianshire, CA 85076",Y,miles
525,Brittany Craig,697-83-7686,"5218 Rachel Radial
New David, WA 36154",Y,miles
526,Amy Hunter,486-16-4519,"311 Laura Fords
Davenportmouth, OH 20978",Y,miles
527,Maria Yoder,149-71-5131,"023 Adams Landing
Port Mark, GA 14431",Y,miles
528,Luis Griffin MD,160-23-4131,"9773 Patrick Glens
North Alyssa, OH 48031",N,miles
529,Heather Drake,233-58-3961,"3317 Perez Village Apt. 107
Jeanettefurt, TN 46919",Y,hours
530,Brenda Lowe,226-26-7641,"USCGC Hall
FPO AA 53448",N,hours
531,Brian Wade,496-57-1698,"505 Jeremiah Inlet
New Briannamouth, IL 36111",Y,hours
532,Katelyn Reeves MD,467-60-9665,"343 Stephanie Shoal
West Robert, CA 41651",N,hours
533,Stephen Richardson,173-17-4493,"13805 Mary Branch Suite 789
West Spencer, MS 41130",N,miles
534,Stephanie Ortiz,831-24-7209,"00597 Kimberly Manors Apt. 620
Jamesland, AR 73900",N,hours
535,Stephen Sanchez,630-41-7174,"518 Cortez Ville Suite 724
Port Patrickville, AK 60631",N,hours
536,Anna Brown,759-74-0856,"163 Rachel Overpass
Rhondaton, NC 11201",N,hours
537,Megan Sampson,451-96-2375,"769 Vasquez Forge Apt. 223
Lake Leslie, PA 59382",N,miles
538,Joseph Edwards,540-77-4584,"7513 Salazar Port Apt. 843
Spencerport, WV 81745",N,miles
539,Deborah Herrera,166-66-0208,"812 Smith Radial
Lake Ryan, AS 42942",N,hours
540,Daniel Nichols,043-96-6411,"81171 Steven Inlet Apt. 089
Lake Kaitlyn, WY 33734",N,hours
541,Julie Nichols,200-57-7242,"45430 Amy Rest
Matthewborough, VA 61502",Y,hours
542,Sara Gray,225-06-8508,"46483 Bishop Stream
New Nicholasmouth, AL 28583",Y,miles
543,Jason King,588-51-2216,"06772 Bishop Shore
New Jason, MT 39557",N,miles
544,Gary Brown,624-34-8801,"86566 Sonia Locks Suite 636
West Pennyshire, CA 47842",N,miles
545,Mark Garcia,713-10-1430,"80695 Tamara Corners Suite 245
Phillipsberg, AL 91879",N,hours
546,Elizabeth French,558-92-4360,"6382 Andrew Heights Suite 528
Lake Robertborough, CO 22537",N,miles
547,Amy Copeland,721-94-5775,"949 Thomas Rue Apt. 163
Foxburgh, VT 53301",N,hours
548,Patrick Griffin,641-24-7903,"25526 Gordon Rapid Suite 367
Lake Toddland, LA 36550",Y,hours
549,Michelle Hayden,444-49-9431,"1488 Sarah Land Suite 975
Allenland, AK 89833",N,hours
550,Shawn Adkins,749-11-2056,"539 Espinoza Terrace Apt. 669
Coopermouth, UT 09202",Y,hours
551,Catherine Rowe,821-59-0773,"37227 King Tunnel Apt. 369
Port Lauren, PA 64204",N,miles
552,Bryan Barajas Jr.,254-86-6535,"0676 Mark Roads
North Monica, UT 99816",Y,hours
553,Seth Price,271-73-9913,"356 Melton Street Apt. 766
Lake Maryborough, NY 10381",Y,hours
554,Edward Harris,178-26-9314,"984 Amy Field Suite 454
New Joshuafurt, AK 51393",N,hours
555,Cory Duke,661-78-0528,"6805 Holly Spur
Gillside, AS 07004",N,hours
556,Lauren Ibarra,375-58-6397,"40208 Olson Squares Apt. 783
West Christopher, ME 06876",N,miles
557,Sean Peterson,773-06-4481,"0225 Carlson Village Suite 926
Port Toniland, LA 27801",Y,miles
558,Steven Cochran,625-76-2660,"USNS Casey
FPO AA 46654",Y,miles
559,Veronica Williamson DDS,783-49-8932,"465 Edwards Mountains
New Lindatown, NM 87167",N,hours
560,Frank Stanley,371-08-5458,"39909 Kimberly Shore
Matthewville, SC 28844",Y,hours
561,Linda Adams,187-40-8446,"Unit 4050 Box 8418
DPO AE 95249",N,hours
562,Tracey Harris,888-54-3802,"USS Bailey
FPO AA 03623",Y,miles
563,Katherine Shelton,770-55-1966,"5716 Yoder Well
West Louismouth, PW 00753",Y,miles
564,Sandra Lin,390-54-9745,"37141 Merritt Overpass Apt. 360
Stantonborough, NJ 02453",Y,hours
565,Kristen Baker,182-37-0693,"2598 Young Highway Suite 771
West Angelaside, VT 71295",N,hours
566,Keith Hernandez,554-30-1622,"2067 James Trail Suite 914
West Victoriaville, PR 97229",N,hours
567,Gregory Pena,040-14-8447,"095 Jacqueline Lock Suite 060
Vickieburgh, KS 40162",Y,hours
568,Brenda Brown,687-96-6786,"6373 King Village
West Jasmine, WI 89774",Y,hours
569,Stephen Tran,315-13-5770,"10606 Bailey Knolls
Port Courtney, VI 98484",Y,miles
570,Victoria Leon,359-64-9041,"144 Rebecca Camp
Haneystad, VA 60910",N,miles
571,Linda Stone,800-18-9147,"51550 Christine Plains Apt. 132
Rachelside, VA 75323",N,hours
572,Kristin Torres,056-57-0030,"5661 William Ways Suite 167
Jonesburgh, MH 78210",N,hours
573,Damon Alvarez,404-42-8330,"263 Ashley Radial Suite 075
Muellermouth, IL 27395",Y,hours
574,Travis Mcgrath,719-29-7594,"536 Russell View Apt. 780
South Donnaport, AS 42965",Y,hours
575,Amanda Ramirez,113-74-4056,"98561 Sara Plains Suite 117
Gallowayfort, WY 44163",Y,miles
576,Mr. Kevin Chambers Jr.,853-04-4419,"822 Nelson Stravenue Apt. 676
West Tasha, MD 04759",N,miles
577,Charlene Williams,552-81-7933,"613 Erickson Courts Apt. 945
South Amberland, NY 96350",Y,miles
578,Thomas Mitchell,289-11-5370,"3771 Jodi Drive Suite 895
Annshire, SD 42910",N,miles
579,Lisa Nunez,878-55-6029,"81443 Scott Common
Leonardtown, AL 62610",N,miles
580,Margaret Bray,206-73-9059,"64681 Susan Oval Apt. 962
North Josebury, NJ 22642",Y,miles
581,Rachel Phillips,445-47-9802,"19924 Brenda Fields Apt. 136
Lake Jasonland, AR 57685",N,hours
582,Dustin Potter,324-23-8353,"650 Williams Fords Apt. 237
Adrianborough, WY 42105",Y,hours
583,Ronald Evans,861-29-1064,"0996 Amanda Mount Suite 852
Williamsfort, PW 84909",Y,miles
584,Susan Smith,296-44-0771,"43758 Ali Forges
Patriciaview, MT 76797",Y,miles
585,Erin Little,715-04-8083,"2549 Amanda Key Apt. 488
Klinechester, AK 74415",N,hours
586,Andrew Morton,517-50-6195,"05389 Heather Lodge Suite 976
Jacobsontown, FM 10904",Y,miles
587,Anna Harrison,892-11-9881,"15520 Smith Stream
Port Patriciamouth, AZ 21369",Y,miles
588,Kimberly Pratt,674-77-9890,"Unit 2533 Box 6784
DPO AA 85957",Y,hours
589,Gregory Jones,073-76-7057,"6346 Erika Ports Apt. 837
Ashleystad, IA 36656",Y,hours
590,Mariah Mullins,540-80-3479,"PSC 5768, Box 8182
APO AP 19891",N,hours
591,Jeffrey Stanley,699-10-5691,"249 Victoria Circle Apt. 102
North Jeff, GA 88471",Y,hours
592,Joseph Erickson,185-42-5575,"7911 Miller Bridge
North Meghan, CT 74961",Y,hours
593,Jared Lewis,618-53-7881,"524 Rachael Alley
Heidishire, NM 39695",Y,miles
594,Anna Allen,294-60-6088,"USCGC Curtis
FPO AE 19031",N,hours
595,Michael Bowers,023-42-3678,"5443 Elizabeth Harbors
Patriciaberg, SD 57355",N,miles
596,Pedro Patrick,064-63-5089,"9435 Lester Locks
South Mark, WV 13106",Y,hours
597,Kristine Perry,152-01-6769,"161 Joanna Drive
Pamelashire, MA 21989",N,hours
598,Anthony Weiss,603-37-6652,"85476 Williams Run
Erinshire, PA 04514",Y,hours
599,Jose Reilly,688-70-5471,"958 Carrillo Plaza Apt. 670
Brentfort, DC 71760",N,hours
600,Daniel Miller,550-01-3825,"53798 Jarvis Haven
East Reneeport, PA 34309",N,miles
601,Ronald Mueller,004-20-1406,"766 Joseph Spur Suite 978
Franklinville, CA 05113",Y,miles
602,Jennifer Santos,716-41-0261,"34109 Anderson Spur
North Craigfurt, NM 61407",N,hours
603,Dustin Davis,067-42-5157,"616 Pamela Hollow Apt. 842
Kyleview, MH 18344",Y,hours
604,Kevin Robinson Jr.,698-54-0216,"956 Fletcher Trail Suite 842
South Brandymouth, CT 90276",Y,hours
605,Adrian Mcdaniel,773-62-0460,"0118 Santiago Lodge Suite 626
Jenniferport, PW 91573",Y,hours
606,Lindsay Jones,672-80-7331,"406 Henderson Light Apt. 381
Watkinsland, NE 20132",N,hours
607,Patrick Herrera,605-77-7433,"65335 Tyler Rapids Suite 613
South Ashley, MO 16713",N,miles
608,Lynn Meyer,118-42-6690,"8370 Mercer Drives
Samuelborough, IL 09097",Y,miles
609,Amber Summers,208-96-2712,"800 Cole Freeway
Parkerbury, MI 92293",N,miles
610,Savannah Stevenson,223-67-9691,"2250 Brian Club
North Gina, NY 63790",Y,hours
611,John Hall,172-65-6155,"9753 Kelsey Passage Suite 751
Port Ann, NH 04862",N,miles
612,Angela Jones,537-40-8545,"2886 Victoria Square Suite 111
Alexisview, DE 36304",N,hours
613,Laura Simpson,891-24-6818,"86163 Owen Crest Apt. 563
Port Jason, CA 24579",N,miles
614,Cynthia Martinez,899-61-8345,"439 Stephens Stream
Fordfort, IA 20952",N,miles
615,Madeline Garcia,209-85-5854,"6340 Silva Manors Apt. 552
Lake Brent, DE 55301",Y,miles
616,Emily Smith,359-54-1811,"PSC 0858, Box 1370
APO AA 04956",N,miles
617,Eric Miller,624-30-2344,"5856 Angelica Track
East Andre, VA 52348",Y,hours
618,Samuel Hudson,306-50-7890,"35367 Rivera Lights Suite 014
Sandovalberg, TX 24859",N,miles
619,Kimberly Moss,144-73-5577,"358 Patrick Junction Apt. 153
Port Christopherchester, WY 90775",N,miles
620,Harry Kemp,097-73-5921,"87754 Williams Rest Apt. 144
Dennisberg, ND 80741",N,hours
621,Donald Chambers,326-34-6493,"60988 Ashley Stream
East Leonmouth, LA 48162",Y,hours
622,Robert James,082-98-4959,"USCGC Barron
FPO AA 60946",Y,miles
623,Paula Brooks,499-85-2429,"29175 Andrade Crest
Smithhaven, TN 64343",N,hours
624,Mary Taylor,341-02-4997,"23626 Hayes Hills Suite 379
Jayport, FL 34456",Y,miles
625,Tiffany Meyer,871-26-1330,"5954 Michael Prairie
Lake Randy, UT 63315",N,hours
626,Connie Barnes,107-01-4922,"9614 Emily Lights Apt. 433
New Cynthia, TN 36522",N,hours
627,Richard Ramos,036-03-9293,"8325 Lane Throughway Apt. 844
South Williamchester, AS 23354",Y,miles
628,Marcus Jenkins,075-45-2375,"3478 Brendan Village Suite 063
Johnsonchester, VA 29656",Y,miles
629,Amy Smith,138-22-6886,"0892 Amanda Trafficway
Port Cynthia, MT 05372",N,miles
630,Natalie Friedman,676-93-5705,"Unit 2605 Box 9927
DPO AP 93263",Y,miles
631,Caleb Lee,573-86-6074,"991 Teresa Brook
Ramseyfort, MT 91384",Y,miles
632,Rachel Daniels,605-08-3346,"Unit 3241 Box 9229
DPO AP 51272",Y,hours
633,Julie Burke,148-09-3956,"2748 Solomon Court
West Adam, IN 66959",N,miles
634,Kristina Nichols,295-84-9273,"3662 Angelica Fall
South Melissaborough, AR 70296",N,hours
635,Jeffrey Walker,888-11-7199,"2363 Smith Fall Apt. 649
New Joseph, AL 99018",N,miles
636,Larry Hernandez MD,662-63-1208,"3741 Franklin Trail Suite 774
Kayleeshire, KS 57295",N,hours
637,Kristen Becker,786-76-0586,"550 Jamie Station Suite 743
East Adam, TX 24162",N,hours
638,Holly Hoffman,079-52-8815,"925 Michael Drives Suite 318
Fullerland, OK 63114",Y,hours
639,Stacy Meyer,857-18-3822,"9551 Kyle Tunnel Suite 001
Vazquezbury, IN 53678",N,miles
640,Patrick Gilbert,695-22-5569,"201 Holly Ramp Suite 354
Lake Ross, CO 97590",Y,miles
641,Frank Singleton,216-49-9307,"365 Tucker Drive
Rowemouth, SC 44481",Y,miles
642,Keith Graves,162-07-3106,"6333 Bailey Estate Suite 969
Perezton, IA 73149",N,miles
643,Andrew Padilla,316-33-6173,"Unit 9271 Box 8690
DPO AA 97663",Y,miles
644,Dale Dixon,064-76-1647,"7350 Gregory Motorway
Lake Jamesbury, NE 50777",N,miles
645,Jennifer Carpenter,524-86-8019,"441 Thompson Hill
Wilsonbury, GU 22472",Y,miles
646,Kevin Mueller,481-19-5287,"USNV Scott
FPO AE 72993",Y,hours
647,Shannon Washington DDS,570-39-7893,"8765 Howard Passage Apt. 051
New Johntown, WY 43070",N,miles
648,Kristen Arnold,056-52-4490,"3835 Sanchez Trail
New Jose, MA 74282",Y,miles
649,William Price PhD,474-13-8746,"09380 Jones Inlet
Williamsmouth, OK 77505",N,hours
650,Shelley Reed,415-14-1105,"15355 Frederick Lake Apt. 341
West Brandonburgh, AR 25541",N,hours
651,Dawn Wang,417-27-1708,"30776 Howell Camp Suite 390
Port Joshua, MN 86083",Y,hours
652,Kenneth Sanchez,388-10-4732,"738 Lauren Prairie Apt. 765
Deanbury, LA 74308",N,hours
653,Ryan Bradley,533-23-5789,"26048 Alexis Pine Suite 112
North Elijahchester, DC 64574",Y,hours
654,Christopher Morales,664-79-3096,"8985 Michelle Common Apt. 747
North Glenn, SD 92447",Y,hours
655,Alexis Cole,787-40-0042,"1028 Smith Glens Suite 551
South Taylorside, NY 67489",Y,miles
656,Tanya Barnes,796-38-1623,"7799 Barron Lock Apt. 802
Kimberlyland, NE 78080",Y,hours
657,Peter Rivas,643-50-7668,"55836 Hale Knolls Apt. 195
Marctown, MD 02956",N,hours
658,Abigail Morris,653-28-9916,"USCGC Flores
FPO AP 69167",N,miles
659,Julie Booker,677-37-5016,"41007 Beck Points
Thomasside, NY 13728",N,hours
660,Jorge Bennett,488-98-7266,"PSC 2478, Box 7511
APO AE 93275",N,miles
661,Nicholas Richardson,218-85-2484,"93926 Bryan Flat
North Patricia, CA 59502",Y,miles
662,Shannon Cooper,300-33-1898,"PSC 6160, Box 8787
APO AA 78043",Y,miles
663,Sherry Berger MD,755-19-3844,"08748 Samuel Extensions
South Paula, MN 39552",N,miles
664,Marie Jackson,397-36-2991,"USS Mcdaniel
FPO AA 86066",N,miles
665,Rhonda Payne,408-23-6070,"89086 Haley Radial Apt. 173
East Josephmouth, TX 21504",N,miles
666,Calvin Ramos,225-54-1541,"326 Anthony Ports
Brianview, MN 90219",N,miles
667,Erika Wilson,056-86-3876,"208 Katherine Mission
South Miguelville, MP 59598",N,miles
668,Susan Greene,573-22-1595,"153 White Curve
Gibsonside, TN 14846",N,hours
669,Tina Flynn,438-71-3111,"9992 Charlene Extensions Apt. 721
Frederickmouth, VA 33463",Y,miles
670,Kelly Horton,590-97-2247,"65170 Michelle Divide Apt. 095
West Jeffrey, TN 48774",Y,hours
671,Mr. James Swanson,767-93-4010,"PSC 2142, Box 7376
APO AA 91398",N,hours
672,Amy Evans,697-91-6465,"9803 Julia Creek Apt. 584
New Amy, MN 57563",Y,hours
673,Brian Watkins,683-61-0379,"4608 Haney Inlet Apt. 506
Lake Kara, TX 17228",N,hours
674,Alfred Miller,826-62-7925,"80994 Darren Forest Apt. 259
East Stephanie, AK 87565",N,miles
675,Samantha Knight,705-89-2823,"15178 Jay Tunnel
Manuelchester, MN 64420",Y,hours
676,Mr. Evan West,082-31-2582,"2778 Benjamin Square Suite 777
Reedfurt, SD 56057",N,miles
677,Peter Freeman,858-81-2081,"0353 Eric Hollow
West Amanda, NC 12739",Y,miles
678,Karen Meyer MD,886-64-9068,"Unit 6549 Box 9688
DPO AP 49200",Y,miles
679,Derek Kerr,398-27-7170,"157 Karen Forge
Pamelaland, NC 18719",N,hours
680,Arthur Briggs,426-46-1122,"5880 Dana Light Apt. 668
Rebeccachester, CA 69227",N,hours
681,Linda King,890-39-8860,"4741 Emily Groves Apt. 311
Hartport, GA 39669",Y,hours
682,John Pierce,693-77-1566,"4738 Tucker Fords
Tiffanyberg, VI 14831",Y,hours
683,Jacqueline Hunt,877-90-7832,"1467 Bridget Ports
East Kevin, TX 27527",Y,hours
684,Michael Contreras,707-56-8781,"58933 Megan Trail
Lake Melissaport, MO 09075",Y,miles
685,David Clements,537-17-9929,"490 David Squares
Bondmouth, NC 75550",Y,hours
686,Jennifer Williams,139-42-3542,"Unit 2047 Box 7242
DPO AE 08946",N,miles
687,Natalie Vargas,434-78-3812,"8257 Macdonald Plains Suite 420
Lake Johnside, WA 14916",Y,hours
688,Matthew Hoover,034-57-3539,"6877 Romero Hill Suite 696
West Rebecca, MN 13772",N,miles
689,Tiffany Moore,324-16-8417,"43202 Jerome Hill Apt. 370
Port Mauricemouth, NY 47265",N,hours
690,Sandra Nelson,597-54-0340,"680 Bobby Parkways
Lake Steven, ID 13821",N,miles
691,Joseph Howell,402-96-9968,"562 Shannon Fort
Lake Michael, MN 78044",Y,miles
692,John Owens,335-79-0833,"87405 Jessica Bridge
South Richardborough, TX 68793",Y,hours
693,Austin Hall,599-78-5403,"650 Jeff Port Suite 564
Pattonborough, NH 77744",Y,miles
694,Megan Arellano,716-20-7868,"9732 Perry Rue Apt. 272
Port Robertfort, NV 79906",N,hours
695,Sarah Lewis,270-88-9603,"7238 Jones Circle Suite 180
Kevinstad, OH 07844",N,hours
696,Teresa Martin,743-91-2683,"44508 Stephanie Ridges
North Debra, CT 72731",N,hours
697,Jason Smith,801-07-8886,"776 Shaw Hills
New Dennis, NE 57790",N,hours
698,Joyce Everett,774-75-5496,"073 Forbes Lock
Randystad, GA 75687",N,hours
699,John Nunez,528-55-0757,"073 Abigail Square
New Andrew, MH 81215",N,hours
700,Allen Jackson,319-15-4429,"2487 Valerie Gateway
Amyhaven, MN 99709",N,miles
701,Shannon Cobb,272-61-1742,"60793 Cochran Circle
West Tamara, RI 35719",N,miles
702,Shannon Mcdonald,366-41-6189,"00339 Mcgee Rapid Suite 842
South Madison, ID 26287",Y,miles
703,Terry Guerrero,792-92-5845,"77963 John Wells
Cohenside, ID 97191",Y,hours
704,Matthew Perkins,207-58-0383,"32906 Jones Knoll
East Juanport, PW 23289",N,hours
705,Gabriel Clark,095-63-2277,"0687 Kathy Pines
South Brianview, AL 30188",Y,hours
706,Dennis Ross,561-40-5794,"4730 Thomas Tunnel
North Michael, KY 55912",Y,miles
707,Amber Smith,331-38-2875,"352 Jonathan Trafficway
Lake Christopherberg, VI 57937",N,miles
708,Joseph Collier,760-45-4343,"6918 Lori Crossing Apt. 754
Nolanview, NM 57189",N,miles
709,Patricia Wang,528-46-2712,"0949 George Ridges Apt. 922
West Caitlinmouth, MN 47568",Y,miles
710,Paul Fisher,881-22-2472,"0132 Diana Via
New Brianburgh, WI 82314",Y,hours
711,Victoria Hammond,572-36-1958,"5794 Ross Vista
Burchfurt, NY 10454",N,miles
712,Todd Hall,742-31-8879,"32916 Adams Place Suite 633
Jennifertown, OR 86629",Y,hours
713,Daniel Wood,274-91-8061,"6553 Dana Lodge Apt. 704
East Brittany, MH 68064",N,hours
714,Stanley Harris,460-56-7585,"68766 Jason Ford Suite 171
Lake Connieburgh, SD 56616",N,hours
715,Paul Lee Jr.,524-65-3735,"8408 Farmer Plaza Suite 169
South Ryanton, NH 22422",Y,hours
716,Jose Davis,586-33-1105,"67036 Kimberly Grove
Adamhaven, MD 71940",Y,miles
717,Joseph Jackson,562-54-0159,"793 Tracy Mountain Suite 374
New Gloriaville, NJ 46014",N,miles
718,Ian Young,420-38-1994,"853 Tucker Burg
Lake Paul, ID 91914",Y,hours
719,Mark Harvey,377-93-1386,"USNV Berry
FPO AE 94427",Y,hours
720,Elizabeth Francis,105-08-4330,"692 Woods Summit Suite 066
Alexandraborough, VA 89527",N,hours
721,Martin Mckay,511-75-6138,"5946 Conner Manors Suite 749
North Brandonstad, KY 89902",N,hours
722,Tammy Moore,294-49-3419,"142 Amanda Forge Apt. 333
Joshualand, VT 49166",N,miles
723,John Burke,003-31-3881,"PSC 0225, Box 0659
APO AP 77456",Y,hours
724,Theresa Gutierrez,344-04-0446,"6663 Vincent Mountains
Rodriguezton, MN 52151",N,miles
725,Jonathan Alvarado,181-98-3387,"68552 Joy Heights Suite 175
South Shannonmouth, CO 26749",N,hours
726,Elizabeth Vaughn,433-88-8070,"8876 Johnson Fork
Shawtown, VI 03347",N,miles
727,Matthew Richards,453-93-8769,"253 Matthew Brooks Apt. 681
Melissaborough, SD 62779",Y,miles
728,David Mullen,316-12-3786,"7110 Osborne Crescent
New Heathermouth, GA 53771",N,miles
729,Charles Sloan,418-78-8955,"73000 Valerie Flats
South Mollystad, MI 98898",Y,hours
730,Roberto Lewis,401-92-2258,"09966 Thomas Tunnel
Williamston, NH 35823",N,hours
731,Erica Johnson,527-47-5808,"886 Anderson Locks Suite 236
West Brandonview, HI 07993",N,miles
732,Terry Wade,858-72-5616,"37752 Kelly Fields
Lake Amy, PA 84974",N,miles
733,Karen Scott,395-28-5933,"06276 Mays Brooks
Port Kevin, FM 63461",N,miles
734,Matthew Parsons,006-95-9615,"87885 Nathan Mountain
Lake Lauraberg, SC 12329",N,hours
735,Kelly Palmer,527-15-1951,"655 George Place
Tinamouth, AS 52673",N,miles
736,Emily Williams,226-59-3156,"0090 James Knoll Apt. 155
Warrenmouth, OR 53949",N,hours
737,Terry Parker,759-26-0564,"604 Townsend Extension
Lake Jason, IL 38960",N,miles
738,Diamond Fuller,263-85-2630,"15886 Ross Causeway Suite 482
Riosburgh, ND 26788",N,miles
739,Andrea Blanchard,505-02-7219,"30611 Shelley Station Suite 817
New Michaelshire, VI 01462",N,miles
740,Jared Gutierrez,660-60-0136,"Unit 4422 Box 7905
DPO AE 68339",Y,miles
741,Megan Miller,371-10-2674,"1923 Ryan Point
South James, MN 99281",N,hours
742,Jason Smith,010-32-2089,"058 James Crescent Apt. 493
Amandaberg, ND 12586",N,miles
743,Lance Burgess,299-11-2337,"7947 Potter Knoll Suite 709
South Hunter, IA 09030",N,miles
744,Kari Murray,176-31-4129,"00206 Hansen Parks
South Adammouth, MN 55635",N,miles
745,Sara Ferguson,337-46-1583,"537 Guy Club
South Deborah, NH 04436",Y,hours
746,Daniel Murillo,827-70-3675,"2843 Nguyen Forge Apt. 130
South Rebecca, WV 42687",N,miles
747,Heather Garcia,757-96-7663,"72150 Sandra Pine
New Todd, OR 78057",N,miles
748,Jeffrey Cruz,271-48-4953,"1074 Williams Land
New Christopher, SC 50165",Y,miles
749,Phillip Garner,538-20-3743,"760 Garrett Fork Apt. 286
Dannyshire, MA 79454",N,hours
750,Tara Rich,632-03-2189,"PSC 3673, Box 4362
APO AE 34257",N,miles
751,Selena Williams,049-16-1228,"USNV Carr
FPO AP 23200",N,miles
752,Steve Benson,803-39-7043,"116 Michael Mall Suite 626
Jessicaberg, WY 97879",N,hours
753,Anna Lawrence,193-47-8584,"839 Gonzalez Fall Suite 258
East Katieport, MT 49062",Y,miles
754,Dawn Wise,056-26-7134,"811 Bartlett Divide
West David, ND 47103",Y,miles
755,William Herrera,800-05-2489,"7204 Boyd Parkways Suite 536
Greenland, AZ 60418",N,miles
756,Sarah Novak,497-71-9430,"8655 Kathleen Fords Apt. 241
Lake Henry, NE 38829",Y,miles
757,Jesse Sosa,354-67-0878,"0046 Moran Plains
Patriciamouth, AS 37140",Y,hours
758,Pamela Carter,301-94-2563,"2068 Wilson Gateway
Lake Richardstad, MD 70278",Y,hours
759,Carolyn Jones,191-38-3288,"7418 Nunez Plain Apt. 836
Jenniferview, WY 83816",Y,miles
760,Mark Martinez,766-54-8076,"638 Rebecca Flats
Lake Jerryburgh, NE 25954",Y,miles
761,Andrea Smith,043-71-7765,"59017 Reyes Pike
Lake Brittany, LA 15653",N,hours
762,David Turner,001-58-9296,"8889 Williams Village
Ritaview, AS 09114",N,hours
763,Craig Larson,716-72-3454,"Unit 0523 Box 8773
DPO AA 29807",Y,hours
764,Gerald Downs,856-71-4038,"49350 Berger Forges Suite 827
South Richardville, MA 90902",N,miles
765,Jennifer Griffin,228-22-3541,"68075 Saunders Orchard
Lake Nancytown, MH 73769",Y,hours
766,Amanda Owens,317-82-4145,"51531 Vang Ranch Apt. 594
Knighttown, LA 34529",Y,hours
767,Robin Liu,856-28-6097,"32827 Patton Well
Christopherview, AK 27882",Y,hours
768,Laura Lewis,788-78-5529,"9441 Thomas Forge
West Matthewside, ND 29168",Y,miles
769,Joseph Hernandez,348-97-8762,"8528 Sherri Land
New Michaelbury, DE 89197",Y,miles
770,Kathleen Smith,621-77-9724,"59412 Willis Oval
Lake Crystalside, NH 04419",Y,hours
771,Joel Smith,202-52-9771,"0102 Laura Mission
Wrightview, AZ 62380",N,hours
772,David Tucker,523-81-2232,"USNV Maldonado
FPO AE 40872",N,hours
773,Charles Olsen,787-90-6978,"3782 Heath Isle
Dustinhaven, NV 45635",N,miles
774,Scott Hill,432-52-0392,"2558 Holly Burg
Maryfort, IA 08970",N,hours
775,Lindsay Clay,219-70-6045,"19069 Sheppard Vista
Williamview, WV 98997",Y,hours
776,Heidi Johnson,094-98-8771,"816 Brown Mews Apt. 755
Carlosland, MI 66136",Y,hours
777,Cory Gonzalez,614-09-8781,"6738 Cummings Inlet
West Casey, WY 70892",Y,hours
778,John Harris,518-58-1966,"8897 Sophia Mission Apt. 258
Robertville, WI 46737",Y,miles
779,Kelli Sampson,305-64-9083,"47359 Cook Land
Sandrabury, OK 95305",N,miles
780,Mary Murray,690-16-6076,"9578 Gloria Ports
South Johnathan, PW 01874",Y,miles
781,Natalie Osborn,369-19-7036,"36218 Brown Groves
East Natalie, ID 53429",Y,hours
782,Angela Shaw,034-59-3645,"1912 Karen Fields Apt. 338
New Dakotaberg, KS 22205",N,hours
783,Sherri Evans,821-21-1896,"81022 Laura Overpass Apt. 871
Victorton, GU 57023",N,hours
784,Karen Payne,859-43-6699,"558 Nicole Creek Suite 356
Jamesshire, SD 06972",N,hours
785,Tristan Alexander,112-81-5694,"0542 Anderson Club
Coryville, FM 78923",N,miles
786,Jason Buchanan,149-91-4316,"170 Brown Radial
Port Patricktown, GU 05325",N,miles
787,Angela Snyder,569-81-6556,"88541 Benjamin Island
Webbside, SD 81189",N,hours
788,Derrick Patrick,005-32-1889,"8009 Lauren Terrace
Jasonfort, OR 41631",Y,miles
789,Roberta Arellano,844-29-5705,"10633 Jenkins Underpass Suite 184
Chapmanside, MI 49168",Y,hours
790,Douglas Nelson,340-10-9453,"Unit 0251 Box 6553
DPO AP 46383",Y,miles
791,Allison Berry,199-34-7591,"03280 Bryan Cove
New Edwardburgh, GU 97423",Y,hours
792,Patrick Stephens,536-37-2688,"069 Eric Lights
Carriemouth, NC 93708",Y,miles
793,Melissa Wang,840-26-8187,"970 Cook Dam
Juanmouth, MT 24745",N,miles
794,Evan Odonnell,156-40-7069,"705 Deanna Garden
Paulland, KY 85600",N,hours
795,Michael Dean,097-65-4912,"2668 Noah Turnpike
East Carolynton, SC 52431",N,hours
796,Jacqueline Pitts,896-90-1462,"Unit 6963 Box 9136
DPO AA 04574",N,miles
797,Travis Carson,613-58-1289,"9284 Campbell Forest Apt. 307
Davidfort, DE 01675",Y,hours
798,Alicia Fleming,608-18-8278,"Unit 6281 Box 3796
DPO AP 12128",N,hours
799,Russell Hayes,454-92-2088,"022 John Lakes Apt. 358
Buckfort, NH 83927",N,miles
800,Patricia Flynn,211-84-3646,"99982 Robert Haven
West Jaredhaven, IL 47730",Y,miles
801,Nathan Williamson,326-92-6750,"579 Angel Points Suite 461
New Gary, OK 59617",Y,hours
802,Walter Martin,787-38-8007,"17336 Valerie Rest Suite 745
Lake Charles, NC 93626",Y,hours
803,Sabrina Chambers,605-10-8173,"6635 Grace Causeway Apt. 394
North Karen, NH 69524",Y,miles
804,Jeffery Baker,596-28-0408,"64943 Wright Ports
East Christie, MO 09998",N,miles
805,Mr. Keith Thomas MD,714-73-1790,"9350 Dwayne Street Suite 449
North Darrell, PA 69018",N,miles
806,Christina Quinn DDS,348-95-3087,"411 Richard Circle Suite 230
East Rebekah, WI 37575",N,hours
807,Melissa Young,356-90-0981,"0343 Mcdaniel Freeway
Port Emily, AS 89165",Y,hours
808,Christina Johnston,287-60-4265,"59424 Emily Field
West Sarahland, NH 89839",Y,hours
809,Bryan Jimenez,386-79-1674,"66809 Kevin Gardens Suite 400
Lake Nicholasfort, NC 20487",Y,hours
810,Gregory Lopez,656-84-7803,"91828 Figueroa Islands
West Vanessachester, NJ 51919",N,miles
811,Tammy Owens,643-10-6267,"82028 Aguilar Plain
South Stephaniemouth, WY 19626",Y,hours
812,Michael Smith,123-19-2942,"768 Glass Mountain Apt. 757
Port Matthewshire, ND 36560",Y,hours
813,Roberto Caldwell,293-36-7388,"74603 Reyes Landing
Port Christianfort, AR 08143",Y,miles
814,Jennifer Brown,191-30-3478,"552 Mora Coves Apt. 961
Valdezmouth, KY 21916",N,miles
815,Joseph Adams,231-26-6449,"5841 Joseph Coves
Codyside, MS 38049",Y,miles
816,Sarah Padilla,706-25-2012,"92410 Hernandez Square Apt. 711
Victoriaville, VT 97531",N,hours
817,Johnny Walker,151-44-7608,"3930 Wolfe Summit Suite 446
North Amanda, FL 80835",N,miles
818,Kyle Tran,681-72-1455,"240 Garza Trail Apt. 181
Brownshire, WV 14176",N,miles
819,Adam Anderson,714-12-0846,"62271 Julian Green Suite 607
Davidview, MA 30878",N,miles
820,Grant Thompson,800-26-9376,"38823 Davis Estate
Saratown, OR 48842",N,hours
821,William Juarez,637-83-7278,"861 Shawn Prairie
West Shaneland, VA 72155",N,miles
822,Matthew Price,436-79-3911,"9437 Lauren Lock Apt. 033
West Amyland, CO 45705",Y,miles
823,Meagan Miller,013-39-0571,"3615 Diaz Ways
West Jeremy, WY 51338",N,hours
824,Nathan Anderson,439-38-3970,"64655 Brandy Extension Suite 946
Cherylborough, KY 36767",Y,hours
825,Pamela Cline DDS,312-24-4340,"76405 Amy Stream
West Williamhaven, PW 64078",Y,hours
826,Terry Austin,372-25-7868,"68014 Robert Villages Apt. 699
Port Erica, CO 22461",N,miles
827,Andrea Wilson,853-50-2336,"PSC 8211, Box 2776
APO AA 57076",Y,miles
828,Mallory King,741-47-0796,"6841 Francisco Fort Apt. 469
Thompsonstad, SD 66844",Y,miles
829,Laura Benson,214-74-1627,"102 Daniels Hills Apt. 381
New Jennifertown, NJ 40073",N,miles
830,James Ward MD,411-71-9847,"40374 Hudson Forge Suite 217
Adamchester, PW 91777",Y,miles
831,Keith Santos,012-84-6153,"46932 Corey Turnpike
Joeport, PR 64372",N,miles
832,Willie Parker,301-66-4648,"81547 Smith Circle
Rothbury, MH 89272",N,miles
833,Gary Johnson,276-91-6240,"40355 Kevin Locks Suite 112
Moniquefurt, AS 04345",N,hours
834,Brent Lawrence,780-03-9705,"6929 Miller Rapid Suite 081
Boyerstad, NC 74120",Y,miles
835,Michael Brown,700-39-5655,"USNS Fitzgerald
FPO AE 57913",N,hours
836,Christopher Wade,738-98-2903,"95202 Ward Harbor
Lake Amyport, NY 53064",Y,hours
837,Thomas Anderson,620-45-7512,"0846 Justin Springs
Amyland, MT 12115",N,hours
838,Kelli Wood,138-66-5690,"729 Rachel Fall
Lake Ryanmouth, MA 01711",N,hours
839,Kevin Turner Jr.,605-69-3059,"48412 Danny Hills Apt. 232
Tonyberg, RI 65232",N,miles
840,Autumn James,566-79-3900,"697 Tara Throughway
Armstrongborough, FL 02590",N,hours
841,Kristina Baker,609-15-5886,"110 Kim Rest
Richardsonville, WI 02139",Y,hours
842,Charles Cherry,378-40-6164,"977 Lisa Views Apt. 073
Lake Danielle, GU 85284",Y,miles
843,Sarah Rodriguez,748-20-6367,"91417 Ortiz Skyway
Bruceport, AS 23422",Y,miles
844,Adam Myers,565-75-3912,"99981 Carter Loop
Johnsonmouth, PR 04019",Y,miles
845,Dr. Heather Jenkins,655-84-0099,"371 Sosa Bridge
Gallagherchester, RI 60156",N,miles
846,Sean Wallace,804-89-6337,"073 Alexander Pine
Jenniferview, AK 26428",Y,hours
847,Debbie Smith,629-99-2825,"6159 Taylor Turnpike
Christinaberg, MD 73825",N,hours
848,Todd Miller,743-47-4198,"0646 David Lane Apt. 516
Ginachester, OK 46064",Y,hours
849,Robin Hawkins,383-66-4838,"3070 Joshua Ways Suite 576
Matthewbury, NV 99878",N,hours
850,Dennis Stewart,594-21-0582,"919 Allen Village Apt. 298
Bucktown, DE 03879",Y,hours
851,Terry Frederick,792-59-8416,"60842 Salazar Mission
West Michael, MO 36452",N,hours
852,Julie Reyes,198-58-2587,"USS Patton
FPO AA 26480",Y,hours
853,Taylor Dillon,828-55-5377,"58428 Perkins Prairie Apt. 545
Christineview, VT 49243",Y,miles
854,Emily Roth,892-43-2487,"6883 Holmes Estate Apt. 875
Murphyborough, UT 35267",Y,hours
855,Ryan Hampton,339-80-2377,"361 Lyons Alley Apt. 126
Muellermouth, ND 54525",N,hours
856,Michael Gentry,161-70-3760,"600 Jacqueline Course
Sawyerside, MS 06197",Y,miles
857,Gabriel Baker,793-43-5527,"7251 Wright Parks Suite 413
North Jamieshire, MD 30980",N,miles
858,Amanda Hall,796-17-7871,"90803 Jason Mills
Ortizstad, RI 43203",Y,hours
859,Kimberly Riley,570-46-9954,"2689 Evelyn Brooks
Brownview, ID 86371",Y,hours
860,Marissa Hunt,814-41-2524,"457 Hannah Fords
Everetttown, IN 94563",N,hours
861,Brandy Rodriguez,815-21-2422,"801 Mallory Village Apt. 820
Jonesview, MN 62141",N,hours
862,Sandra Willis,736-86-9667,"8468 Whitney Key
Gregorybury, PA 92874",Y,hours
863,Andrew Welch,456-12-1711,"80825 White Forges Suite 267
Smithfort, MA 32951",N,miles
864,Alan Burnett,508-91-4496,"39265 Blackwell Flats Suite 866
Jonathanland, VT 92157",N,miles
865,Robin Baldwin,599-93-2710,"PSC 7240, Box 8006
APO AE 97192",N,hours
866,Mary Roberts,451-46-7602,"996 David Locks Apt. 058
North Frank, MN 35564",N,miles
867,Brooke Rodriguez,548-98-7412,"315 Natalie Burgs Apt. 341
South Danielland, FM 85766",Y,hours
868,Erik Smith,295-91-9458,"8637 Lee Rue
North Juliaborough, MT 69214",N,hours
869,Tamara Graves,348-62-6971,"7956 Eric Vista
Catherinechester, CA 62132",Y,hours
870,Carlos Davis,045-77-9330,"812 Deborah Drive
Burgessborough, SC 59438",N,hours
871,Mrs. Katherine Conley,229-51-6705,"8543 Rosario Village
East Sarahfort, MT 17867",N,miles
872,Bonnie Floyd,112-28-9834,"274 Simpson Plaza
New Ronald, VA 91152",Y,miles
873,Terry Carlson,170-05-7775,"07757 Edward Walk
West James, MN 46392",N,miles
874,Carmen Perry,450-63-1119,"2131 Anderson Prairie
Brockberg, UT 26903",N,hours
875,Michele Miller,156-80-2560,"93001 Johnson Circle Suite 089
Jonathanmouth, VI 10109",Y,hours
876,Dale Wilson,389-30-1864,"905 Lowe Mission Apt. 240
East Amber, FL 38312",N,hours
877,Rebecca Hansen,005-80-7629,"6806 Wallace Parkway
South Jeremy, MI 07217",Y,hours
878,Shannon Nguyen,853-08-8807,"22280 Gray Knoll
Carriehaven, OH 42881",N,miles
879,Renee Porter,079-06-0319,"37122 Jessica Knoll
Robertland, LA 50774",Y,hours
880,Dr. Rachel Miller,050-85-3978,"30888 Joshua Burg Suite 032
Robertsfurt, NV 69911",N,miles
881,Richard Miller,717-48-0135,"6949 Jared Place Suite 862
Simpsonmouth, WA 69235",Y,miles
882,Jason Porter,487-95-3236,"78915 Snow Orchard
Lynchfort, NH 24906",N,hours
883,Heather Cowan,434-35-0779,"0043 Julia Neck Suite 622
Jonesstad, OK 17214",N,miles
884,Hannah Gibson,153-28-6672,"16871 Salazar Inlet Suite 309
New Hannahtown, UT 70309",Y,hours
885,Leslie Moore,342-52-9233,"03609 Emily Ford Suite 702
Roberthaven, VI 24448",Y,miles
886,Timothy Hogan,897-88-0451,"63953 Elaine Field Suite 846
Rachelchester, KY 91748",Y,hours
887,Jerry Cobb,815-77-4307,"10133 Scott Falls
South Maria, ME 35535",N,miles
888,Mark Morris,776-54-5567,"8891 Arthur Summit
Grayside, RI 69892",Y,miles
889,Kelly Henderson,251-97-3471,"39317 Jay Drives
North Thomasborough, MD 94267",N,hours
890,Melissa Evans,332-48-1799,"USS Holden
FPO AP 26137",Y,hours
891,Cynthia Caldwell,145-12-3295,"01993 Erik Mills Apt. 553
West Lisashire, DE 85577",Y,miles
892,Brittany Martinez,457-18-6438,"1666 Reyes Grove Suite 952
Lake Lauratown, CT 59134",Y,hours
893,Marissa Fitzgerald,595-44-7842,"432 David Unions Suite 989
New Scottberg, FL 99330",N,miles
894,Steven Welch,536-33-8484,"257 Connie Lights
Copelandville, PW 77295",N,hours
895,Nicole Rivera,433-97-3689,"2014 Cardenas Shore Apt. 726
North Lisaton, RI 36377",Y,hours
896,Crystal Bennett,262-38-5715,"157 Williams Parks
East Stanleyton, MN 92695",N,miles
897,Casey Martinez,154-43-5912,"0344 Thomas Valley
Donnaton, MN 20166",N,hours
898,Allison Rowe,843-97-2836,"018 Ford Ports Suite 470
Rodriguezstad, FL 23930",Y,miles
899,Dr. Andrew Simmons,346-62-5918,"320 Gardner Orchard
East Jason, RI 27117",N,hours
900,William Willis,086-49-1492,"67732 Melissa Pike Suite 849
Davidborough, MS 53054",Y,miles
901,Michael Campbell,123-01-0396,"805 Donald Fort
Lake Ashley, AR 50668",Y,miles
902,Michael Griffin,132-33-7067,"480 Bush Mews Suite 157
Lake Jennifer, VA 20064",Y,hours
903,Claudia Bell,694-88-1501,"32842 Johnson Center Suite 288
North Elizabeth, WY 38769",N,miles
904,Kenneth Stewart,705-83-5204,"33870 William Port
Youngburgh, TX 32129",Y,hours
905,Caitlin Andrews,565-67-0383,"660 Teresa Extensions
Kyletown, IL 97518",N,miles
906,Martha Wilkerson,354-18-2125,"8635 Wilson Wells
Pamelaburgh, MT 11837",N,hours
907,Angela Davis,028-19-4732,"37415 Adams Brook Apt. 936
Judyfurt, WY 85939",Y,hours
908,Michele Barajas,361-31-1215,"Unit 7485 Box 7404
DPO AA 45591",N,miles
909,Jacob Watkins,128-68-3783,"1542 Marc Summit Suite 888
North Kevinstad, VT 18842",Y,hours
910,Danny Reid,457-69-8471,"Unit 8159 Box 4499
DPO AA 21977",N,miles
911,Dawn Salinas,238-59-1551,"USS Tucker
FPO AP 77700",N,miles
912,Anne Hall,491-52-1578,"680 Griffith Ports
Williamstown, VT 76626",N,miles
913,Stacy Nichols,890-63-6529,"8371 Elizabeth Shoals Suite 755
Richardsonberg, IN 68298",N,miles
914,Patrick Rivera,339-10-4922,"6884 Warren Extensions Apt. 146
Baldwinmouth, NJ 43891",N,hours
915,Amanda Krause,515-99-3348,"PSC 1288, Box 1003
APO AP 22101",Y,hours
916,Steven Tyler,422-17-4707,"8604 Connie Row Suite 605
Kathyfurt, AK 80814",N,miles
917,Ruth Kim,454-86-4533,"9780 Hunter Extensions
Hunterchester, WV 06800",Y,hours
918,Catherine Malone,821-89-2802,"Unit 1127 Box 2928
DPO AP 32086",Y,hours
919,Ian Alvarado,832-06-8804,"767 Woods Divide
East Beckymouth, HI 29479",N,hours
920,Robin Gentry,353-66-1594,"9252 Christopher Ports
Jonesfurt, FM 19684",Y,hours
921,Heather Ferguson,319-48-7995,"4842 Williams Viaduct
Bergerchester, RI 81000",N,miles
922,Rebecca Turner,131-08-7637,"0471 Matthew Fields Apt. 249
South Ianchester, NM 46650",N,miles
923,Brandon Miles,079-14-4912,"4409 Parsons Heights Apt. 813
Garciabury, VI 78781",Y,miles
924,Alexander Miller,770-86-1599,"899 Kenneth Garden Apt. 259
Luisport, AS 96640",N,miles
925,Daniel Owens,323-23-2202,"070 Shane Haven Apt. 741
Carterside, NM 31204",Y,hours
926,Michael Nguyen,383-18-5973,"23213 Brown Oval
Port Randyfort, KS 31945",N,hours
927,Jimmy Costa,519-16-6235,"252 Paula Plaza
East Brendan, GA 09396",Y,miles
928,Michael Swanson,605-55-7269,"46149 Freeman Islands Apt. 970
Port Nancyport, NC 14012",Y,hours
929,Andrew Miller,357-75-4168,"8475 Brian Drives
Wyatthaven, MN 67407",Y,miles
930,Laura Weber,899-56-2001,"2323 Stephanie Stravenue
Jamesview, MH 95074",Y,miles
931,Henry Watkins,033-32-1280,"Unit 8160 Box 1967
DPO AE 62234",Y,hours
932,Victoria Garcia,660-64-3353,"46959 Hanna Hollow
West Veronica, SC 47878",Y,miles
933,David Johnson,112-65-9120,"07138 Craig Park Apt. 618
Port Charles, LA 51508",Y,hours
934,Regina Werner,754-10-0498,"938 Cassandra Square Apt. 783
Ericstad, AK 68083",N,hours
935,Kayla Miller,603-23-8123,"708 Victoria Ports Apt. 723
Lake Charles, WY 21873",Y,miles
936,Michael Edwards,328-62-7814,"798 Erika Island Apt. 264
South Jamesmouth, SD 81111",N,miles
937,Mary Powers,571-49-0437,"774 Scott Throughway Apt. 949
Josephshire, VI 65718",N,miles
938,Joshua Barron,546-66-4578,"71922 Jones Highway
Jacksonchester, MD 56053",N,hours
939,Joshua Johnson,606-43-0360,"718 Lisa River
East Adam, MI 72858",N,miles
940,Ryan Collins,328-44-1128,"954 Barnes Lodge Apt. 541
West Jessica, FL 75809",N,hours
941,Jessica Chan,673-71-3732,"2402 Martinez Loaf
Christopherview, KY 54270",N,miles
942,Matthew Nelson,377-53-6766,"053 Tammy Forges Suite 861
North Adamshire, NV 35937",N,hours
943,Betty Lewis,597-01-1064,"11574 Castro Plain
Dianeshire, PR 15673",Y,miles
944,Brandon Smith,514-99-1136,"428 Sheila Manors
North Oliviaport, RI 61885",N,miles
945,Catherine Morrow,142-30-4683,"55144 Jefferson Corner
East Tammy, GA 19882",Y,miles
946,Sylvia Wilson MD,288-40-5086,"816 Harris Street
West Heathershire, MO 52363",Y,hours
947,Cathy Sanchez,283-34-8935,"3792 Mcdonald Mission
North Danielleberg, MS 47060",N,miles
948,Chad Fletcher,054-88-8355,"52047 Luna Isle Apt. 756
Port Sandra, AR 43279",N,hours
949,Amber Cohen,431-88-1443,"285 Byrd Walk
Gordonfurt, GA 51504",Y,hours
950,Connie Phelps,229-31-5519,"85976 Green Stravenue
Port Wayne, VI 14929",Y,hours
951,James Holt,307-26-3989,"4097 Daniel Land Apt. 773
Richardsonmouth, VA 64918",N,hours
952,Mariah Mcdonald,737-71-2437,"489 Lloyd Fort
South Heather, MS 45997",Y,hours
953,Johnathan Glover,285-87-1074,"7264 Timothy Tunnel Apt. 291
Keithton, OH 08358",N,miles
954,Traci Haas,403-66-3990,"65247 Tiffany Summit
Juliaborough, TN 12630",N,miles
955,Mr. Kevin Peters,172-31-8180,"0464 William Trail
South Katherineberg, CA 63753",Y,hours
956,Terry Tate,348-60-5158,"14658 Calderon Port
New Brian, DE 49044",N,miles
957,Linda Swanson,386-56-3128,"96345 Allen Street
Port Darrenberg, IL 93958",N,miles
958,William Nichols,814-09-6471,"68031 Blake Island Suite 056
Sandrafort, LA 26659",N,hours
959,Dustin Bass,136-54-4792,"368 Richardson Fork Apt. 489
West Lisaville, WI 32808",Y,hours
960,Katie Riley,525-18-0098,"685 Anderson Junctions
Aguilarmouth, NY 32389",N,miles
961,Brian Thomas,550-24-3217,"126 Bennett Port Apt. 095
Stephaniestad, OR 72768",N,miles
962,Elizabeth Johnson,313-59-8613,"63891 Jones Coves
Jakeport, IL 50653",Y,hours
963,Susan Pierce,875-28-4356,"446 Stephanie Grove
New Adamburgh, CT 02619",Y,hours
964,Gregory Oconnor,142-44-8893,"4947 Parker Freeway
Stevenston, AR 79478",Y,miles
965,Pamela Macias,077-24-5987,"7888 Mark Branch
Murphyville, AR 37295",N,miles
966,Jonathan Diaz,327-75-8235,"883 Anthony Mews
Daviesfort, NE 43316",Y,hours
967,Mike Harris,024-62-0323,"3750 Allison Vista
Reginaldfort, MT 18717",N,miles
968,Dr. Christopher Flores,129-63-1520,"32633 Waters Extension Apt. 061
Smithstad, RI 73415",N,hours
969,Christopher Porter,156-33-7962,"036 Hart Port Suite 489
East Annaview, GA 56910",N,miles
970,Andre Bailey,514-91-8901,"USS Hartman
FPO AE 42002",N,miles
971,Brian Molina,890-49-1002,"8838 Salazar Junctions Suite 660
New Christopherview, AK 01529",Y,miles
972,Rachel Koch,527-63-4365,"11902 Randall Glens
Aaronshire, HI 73774",N,miles
973,Dean Robertson,468-15-9762,"538 Todd Ridge
Nelsonton, DE 11691",N,miles
974,William Martinez,751-20-9408,"00368 Gilbert Spurs Suite 873
East Matthew, IA 23336",Y,miles
975,Kayla Thompson,184-28-3541,"9637 Dawn Crest Apt. 740
Mccoyton, ND 42342",Y,hours
976,Ashley Allen,454-70-9657,"6279 Oscar Pines
Karenburgh, MS 96612",Y,hours
977,Tracy Brown,884-41-4055,"8417 Copeland Plaza Apt. 938
Kristentown, LA 96494",Y,miles
978,Doris Pham,322-63-3051,"558 Ashley Brooks Suite 154
East Kenneth, LA 95239",N,miles
979,Kimberly Martinez,682-11-7026,"653 Pruitt Pass Apt. 531
Petersonmouth, WA 24819",N,hours
980,Kevin Murphy,362-49-5386,"Unit 9738 Box 2787
DPO AP 88387",Y,miles
981,John Brandt,422-27-4966,"346 Melvin Crossroad Suite 315
Santosfurt, OH 69898",Y,miles
982,Kyle Keller,470-65-2211,"0735 Brown Pike
South Williambury, MA 09991",N,miles
983,Keith Boyd,557-16-5175,"1031 Jones Road Apt. 510
West Williamton, LA 10203",N,miles
984,Kelly Sanchez,752-21-0761,"86584 Carter Shore
Justinberg, OR 10028",N,miles
985,Andrea Cruz,569-73-7395,"USCGC Robinson
FPO AA 51028",Y,miles
986,Linda Diaz,406-67-3947,"266 David Isle Apt. 525
Hollandmouth, AZ 32686",N,hours
987,Chad Meyer,705-41-4577,"263 Nicholas Bypass
Sullivanborough, VT 65370",N,miles
988,Michael Brown,097-91-5074,"075 Watkins Spurs
South Dianafurt, FM 63878",N,miles
989,Courtney Garcia,244-50-5088,"890 Villarreal Flat
West Brianaburgh, CO 10612",N,hours
990,Jeremy Russo,220-51-2880,"898 Andrea Route Apt. 475
Nicholasshire, IN 71863",Y,miles
991,Caitlin Hawkins,885-96-3389,"337 Dawn Shoal
Saratown, MT 76977",Y,hours
992,Betty Rosario,435-24-6325,"1252 Beck View Apt. 236
Lake Thomasborough, DC 17104",Y,hours
993,Rebecca Luna,016-09-6043,"462 Jason Dale
Port Kristafort, ID 42845",N,miles
994,Lisa Smith,769-24-4744,"PSC 9561, Box 6229
APO AA 89745",N,hours
995,David Smith,631-57-7858,"0253 Garcia Extensions Apt. 051
Laurahaven, MI 82379",Y,miles
996,Dr. Anthony Wheeler Jr.,580-38-5617,"1900 Miller Mews
Rileyland, NY 29446",N,miles
997,Wesley Grant,529-24-2234,"32564 Miller Highway Suite 209
West Brenda, RI 34710",N,miles
998,Margaret Gonzales,249-68-0654,"PSC 8292, Box 9093
APO AE 83014",N,miles
999,Jonathan Medina,073-34-0482,"7471 Roberts Path
Buckleychester, WA 42554",N,hours
1000,Miss Crystal Grimes,101-12-4807,"52776 Tracy Divide Apt. 774
South Travisview, UT 85802",N,miles
1001,Nicholas Martinez,189-44-0206,"7002 Lane Stravenue Apt. 088
Lake Dannytown, NM 89361",N,miles
1002,Thomas Allen,245-36-7738,"0790 Grimes Crest
Steeleshire, IA 96161",Y,miles
1003,Heidi Klein,407-12-7994,"Unit 1373 Box 8617
DPO AA 16723",N,miles
1004,Angela Moore MD,410-31-0930,"19642 Jessica Highway
North Julieville, KY 18033",Y,hours
1005,Jared Martin,442-12-0683,"80347 Nicole Valleys Suite 640
North David, OH 15728",N,hours
1006,Gregory Garcia,763-63-1166,"9689 Kenneth Branch Apt. 881
New Michelle, CT 33066",N,hours
1007,Brian Pace,723-16-0188,"5176 Brown River
Port Danielbury, SC 44860",N,hours
1008,Stacy Weaver,270-45-6250,"2214 Donaldson Pike
Nguyenchester, HI 32335",N,hours
1009,April Perez,690-03-3062,"700 Sheila Center
Port Whitney, CA 64126",Y,miles
